Jessie,oomf,1	
Ⓜ️arqueise_Fuqua♋️,worldstar,1	
Tyler_Flowers,worldstar,1	
hayley♡,comedy,1	
alicee♡,peoplewhomademy2013,1	
Marissa_Rubas,oomf,1	
yesenia_castro☯,mcm,1	
Rich_Porter✈️⌚️™,2013memories,1	
♡Christina♡Valerio:),peoplewhomademy2013,1	
M_I_R_A_C_L_E,2013taughtme,1	
Yazmin❤,peoplewhomademy2013,1	
ebony,2013memories,1	
Tricia_Araullo,himala,1	
Tricia_Araullo,rare,1	
Annabel_Jeens❤,newyearsmegamix,3	
Moyoncé✨,2013memories,1	
Billy_Ricard_Jr.,stopmexicangirls2013,1	
V_i_a_a_n_y__☯_5SOS,2013follow,1	
Ricardo_Macias,mcm,1	
Annie,shortgirlproblems,1	
Stephanie_Garza,happynewyear,1	
cristifer,worldstar,1	
simbaa,oomf,1	
Jenell_Romero,mcm,1	
brian_diaz,2013memories,1	
Alex,happynewyear,1	
©had,worldstar,1	
Shen_Hui_Fen,himala,1	
Shen_Hui_Fen,rare,1	
Beau_pls_:(♛,2013follow,1	
dest✨,oomf,1	
Nomolas,peoplewhomademy2013,1	
Georgia_Jordan☺❤,shortgirlproblems,1	
K_a_t_e_✨,oomf,1	
rae.,worldstar,1	
Chef_Boyar'Rio,oomf,2	
-Kath-Padilla-Wu_♥,himala,1	
-Kath-Padilla-Wu_♥,rare,1	
Kathryn_Bernardo,himala,1	
Kathryn_Bernardo,rare,1	
Isabella_Danielle,worldstar,1	
lupsie_ferrer_❤️,stopmexicangirls2013,1	
C_A_L_I_❄️,mcm,1	
Auddiaa_S.♡,2013taughtme,1	
Masae✨,2013memories,1	
Gabriela_Ponce,shortgirlproblems,1	
ѕαмму,2013memories,1	
Meeeesha_Rozay!,peoplewhomademy2013,1	
chomper,worldstar,1	
Abby~,lol,1	
shemara_green,worldstar,1	
King_De_Jesus_#⃣5⃣,worldstar,1	
Luis™,peoplewhomademy2013,1	
bb_cakes,mcm,1	
Do_Or_Die,2013follow,1	
Giovanna_Conte,peoplewhomademy2013,1	
KiddBieber,lol,1	
KiddBieber,worldstar,1	
Kylie_James,happynewyear,1	
Kylie_James,turnup,1	
Mangrum__13,happynewyear,1	
Hannah❄️,2013memories,1	
#RipMom_#RipDad,2013memories,1	
Des_Mescudi,2013memories,1	
Tania,shortgirlproblems,1	
alicia_soto,oomf,1	
lucy_garrett,peoplewhomademy2013,1	
Jess_Martin,oomf,1	
january_14._❄️,oomf,1	
PLEASE_JAI,followmejai,1	
✨♋️,mcm,1	
Ana_Barrs,shortgirlproblems,1	
,2013taughtme,1	
dahmer_Remhad,2013memories,1	
Ashley_☯,stopmexicangirls2013,1	
¡¡,comedy,1	
TheMain_†,mcm,1	
Mo-nigga.,2013memories,1	
Shelby,worldstar,1	
Shakti_Choudhry,worldstar,1	
Jessi_:),happynewyear,1	
Shelby_Medovich,worldstar,1	
Brianna,stopmexicangirls2013,1	
ChiQuin_or_QuinChay,himala,1	
ChiQuin_or_QuinChay,rare,1	
Kira,shortgirlproblems,1	
Emilaay_❤️,oomf,1	
LosEscobars,2k13memories,1	
Nikki_Pritchard,mcm,1	
Barnett_#⃣8⃣2⃣,worldstar,1	
Lindsay,shortgirlproblems,1	
Traphouse_three,2k13memories,1	
Gaucho,lol,1	
Gaucho,worldstar,1	
Emily_Bardavid✌️,mcm,1	
Mallory_Gonzalez,stopmexicangirls2013,1	
Wreck_it_Rock,worldstar,1	
Sam_Crisanti,mcm,1	
.,2013memories,1	
Yazmeen,worldstar,1	
Anita,worldstar,1	
Ⓜ♛Chocolate_Thunder⚡,2013memories,1	
iamBKP,2013memories,1	
Gabriella_Kenny,happynewyear,1	
,2013follow,1	
Mr.Goss,worldstar,1	
ryleigh_wogoman,shortgirlproblems,1	
That_Harlem_Chick,oomf,1	
Natalie,happynewyear,1	
t,followmejai,1	
#freeBestfriendd',peoplewhomademy2013,1	
abs☪,2013taughtme,1	
Sean_Holota_Bars,worldstar,1	
MhilChristyMarie,himala,1	
MhilChristyMarie,rare,1	
Ryanne,oomf,1	
BONNIE_BOBBITT,lol,1	
Feebicles,shortgirlproblems,1	
Kidrauhl,peoplewhomademy2013,1	
Overr_Rateed,worldstar,1	
IG:_Kenbeerandumb,worldstar,1	
_Keishhhh,2013taughtme,1	
Kelsey_Baron,2013memories,1	
Destiny✨,worldstar,1	
τΗϑ_ƒιξ®ςε_TEAM,himala,1	
τΗϑ_ƒιξ®ςε_TEAM,rare,1	
MARCH_1ST,2013memories,1	
BEAU_FOLLOW_ME,2013follow,1	
geronimo_segura,shortgirlproblems,1	
eight,lol,1	
eight,worldstar,1	
brittany_yo,2013memories,1	
@@#@@@,followmejai,5	
moca_moca♨️,2k13memories,1	
♥♡LilBit♡♥,turnup,1	
†saaaaandy†,stopmexicangirls2013,1	
tania,worldstar,1	
Ulysses,stopmexicangirls2013,1	
Mouhammed_Al-junaid,lol,1	
Haleigh_Lang,worldstar,1	
Bradley_Frizzell,oomf,1	
∞pιper∞,mcm,1	
✽erica✽,2013follow,4	
Aroma_Gelani,mcm,1	
Shawty_Ma,2013memories,1	
MOONING_WBY?,2013follow,1	
maria_lope_hernandez,bethanymotagiveaway,1	
Trap$_$hogun_vonnie,lol,1	
Trap$_$hogun_vonnie,worldstar,1	
Chandler_Cochran,2013memories,1	
Follow_JUZTENGURL,2013follow,1	
Yani❗️,worldstar,1	
alliyah.,2k13memories,1	
Gabby,mcm,1	
Vishna,2013memories,1	
Nicole_Biretz,happynewyear,1	
☮,shortgirlproblems,1	
destany_b☺,2013memories,1	
Princess✨,lol,1	
Princess✨,worldstar,1	
Ainee_Marie_Homerez,himala,1	
Ainee_Marie_Homerez,rare,1	
bitch_.,lol,1	
bitch_.,worldstar,1	
Mean_ass,peoplewhomademy2013,1	
Ashley✨,mcm,1	
Nicole♡,lol,1	
Nicole♡,worldstar,1	
Mary_Jane,happynewyear,1	
Jesssssss_.,2013taughtme,1	
Kelly,shortgirlproblems,1	
ҒΔ,peoplewhomademy2013,1	
TrendTopic✨❤️〽️,oomf,1	
#bethanyMotaGiveaway,bethanymotagiveaway,1	
baddievee✨,2k13memories,1	
Just_A_Jess,worldstar,1	
beaus_girl_❤️,2013follow,1	
VII.III.XIII_♥✊,2013memories,1	
tay⚡️,2k13memories,1	
✨Nick_Young's_Wife✨,2013memories,1	
cristina_✝,stopmexicangirls2013,1	
Mustache_Princess,himala,1	
Mustache_Princess,rare,1	
Julie,shortgirlproblems,1	
BEAU_BE_MY_1/5,2013follow,8	
♡_esmee_♡,peoplewhomademy2013,1	
Sara_Tarascio,shortgirlproblems,1	
Tez,2k13memories,1	
A_._$_._A_._P,worldstar,1	
0075-01-14,lol,1	
0075-01-14,worldstar,1	
Cj_Reyes,himala,1	
Cj_Reyes,rare,1	
Linda_Gonzalez.,turnup,1	
sophie_✌️,newyearsmegamix,1	
Dominique_Mufarreh_✨,shortgirlproblems,1	
Kaylah,shortgirlproblems,1	
AumAim_.♡,happynewyear,1	
mznxbc,2013taughtme,1	
♡sabrina♡,2013follow,3	
,followmejai,1	
♡Chy♡,2k13memories,1	
katie_restifo_⚽️,peoplewhomademy2013,1	
ThE__DrÉâM,lol,1	
ThE__DrÉâM,worldstar,1	
Juicy_V.,2013taughtme,1	
mangoo,2k13memories,1	
Angelita_☠,2013memories,1	
Desss♋️,2013memories,1	
Katerina,turnup,1	
Sarah_Raquel,peoplewhomademy2013,1	
Alex_Gian,happynewyear,1	
Jess_♡,2013taughtme,1	
Nardy,2013taughtme,1	
///M,2013memories,1	
Fuck_that_ha,followmejai,2	
2/25,worldstar,1	
Jerry_DeMeo,2013taughtme,1	
Tea〽️NoLacking‼️,2013memories,1	
Moa_Carlsson,followmejai,1	
Tefo,oomf,1	
$ikramed,2013memories,1	
K.Michelle_Carter,comedy,1	
Kacee_❤,shortgirlproblems,1	
⚾Cobe_Karhoff⚾,2013taughtme,1	
Alexis,mcm,1	
amsssss♔,2013memories,2	
,stopmexicangirls2013,1	
Bat〽an,shortgirlproblems,1	
ADG,peoplewhomademy2013,1	
KT,worldstar,1	
My_Dance_House,shortgirlproblems,1	
|_Jayy_|_#LLLT,2k13memories,1	
joel_brooks_LFC,2013memories,1	
⚠TAE_DOE✊⚡,2k13memories,1	
werkkkkk,2013memories,1	
Jazmine_Felicé,2013memories,1	
Nae✨,2013memories,1	
KathListaz_Manila_♥,himala,1	
KathListaz_Manila_♥,rare,1	
Caitlynnn.,oomf,1	
xoxo,peoplewhomademy2013,1	
AJ,2013memories,1	
⚡Animal_❄️,2013memories,1	
B_#31,worldstar,1	
O.J.L,stopmexicangirls2013,1	
JAMES_FOLLOW_ME,newyearsmegamix,1	
katie_b,2013memories,1	
Hanka_Mostowiak,2013memories,1	
Buttercup,peoplewhomademy2013,1	
Young_Shelbs✨,oomf,1	
Diego_.,stopmexicangirls2013,1	
♡Kay♡,oomf,1	
Marc_Farias,2013memories,1	
18_DAYS!!,2013memories,1	
One&Only✨✨,oomf,1	
HS,peoplewhomademy2013,1	
daaaisy_♡,stopmexicangirls2013,1	
Its_Brianna_Babe,bethanymotagiveaway,1	
♚jessica♚,2013follow,1	
PLEASE_☁,followmejai,1	
IG:_tiananicolee_,worldstar,1	
Rawan_Khaled,peoplewhomademy2013,1	
PLEASE_JAI,followmejai,1	
Jayy,stopmexicangirls2013,1	
Shorty⚡️,peoplewhomademy2013,1	
JOEBELLE,himala,1	
JOEBELLE,rare,1	
Merisa_lea_mckee,bethanymotagiveaway,1	
Mr.Retweet,worldstar,1	
Mikay_Maghirang,himala,1	
Mikay_Maghirang,rare,1	
Kwaddy,2k13memories,1	
#followmejai_!!!!,newyearsmegamix,1	
BOUT_MY_GUAP,stopmexicangirls2013,1	
aʋɾɩ_banco!_MGT,worldstar,1	
Sunita_Brimmer,happynewyear,1	
LaLa,worldstar,1	
Jacq_A,himala,1	
Jacq_A,rare,1	
♡/uh-li-zuh/♡,himala,1	
♡/uh-li-zuh/♡,rare,1	
Airah_Padilla_♥,himala,1	
Airah_Padilla_♥,rare,1	
Follow_me_James,newyearsmegamix,3	
sex&junoooo,comedy,1	
sex&junoooo,lol,1	
matisse,bethanymotagiveaway,1	
EBenn,mcm,1	
servando_cruz,peoplewhomademy2013,1	
Splash,2k13memories,1	
Jeremiah,worldstar,1	
Tamia,worldstar,1	
11597,oomf,1	
niy.✌,2013memories,1	
Dani_Diehl,mcm,1	
Madeline_Harvey,oomf,1	
,mcm,1	
Briana_♡,worldstar,1	
Luke_Hemmings_✌️,2013memories,1	
Samantha_Brooks,shortgirlproblems,1	
Ignored_by_james,2013follow,2	
wonderland_♡.,turnup,1	
justin_drew_bieber.♡,mcm,1	
Jodii✨,mcm,1	
BEAU_PLEASE,newyearsmegamix,1	
Luzy_Torres,stopmexicangirls2013,1	
❄,lol,1	
❄,worldstar,1	
✘✘,shortgirlproblems,1	
Deanna_Stepaniuk,lol,1	
gezeeeel_♡,2013follow,1	
K&D❄️,2k13memories,1	
Kristine,himala,1	
Kristine,rare,1	
HI_5SOS_(:,2013memories,1	
AUGUST_8TH,bethanymotagiveaway,1	
Cee★Dee,himala,1	
Cee★Dee,rare,1	
CheetahGal,bethanymotagiveaway,2	
єм{ιℓу}_❥,2013memories,1	
aishu,shortgirlproblems,1	
Mexican_Midget,lol,1	
Mexican_Midget,worldstar,1	
Conor,happynewyear,1	
january11♈️,2013memories,1	
,2013memories,1	
krissy_moore_:-),peoplewhomademy2013,1	
Jay_Hiller,turnup,1	
Gina_Lovato,happynewyear,1	
Young_Panda™,lol,1	
Young_Panda™,worldstar,1	
OG_Lvrd.,2013memories,1	
$avvy_C_⚓,peoplewhomademy2013,1	
jp_moriarty,lol,1	
jp_moriarty,worldstar,1	
Beau's_Princess♡,2013follow,1	
Queen_Nana,lol,1	
So_Proud_James❤,newyearsmegamix,1	
third-eye,2013memories,1	
Marks_wife_♡,worldstar,1	
jlyn_limbag_camat,himala,1	
jlyn_limbag_camat,rare,1	
JustinFollowMe_:),2013memories,1	
Nallely_Silva,happynewyear,1	
brianna_™_,worldstar,1	
Cynthia_Rivas,comedy,1	
Jungle_Boy,2k13memories,1	
CcAuLrVtIiNs,worldstar,1	
Å$TRØ_F®Ę$H,2k13memories,1	
CAROL,stopmexicangirls2013,1	
J_A_C_K_Y,peoplewhomademy2013,1	
Brandon_Powell#⃣4⃣,lol,1	
Brandon_Powell#⃣4⃣,worldstar,1	
Ka'Donna_.,turnup,1	
Anna_Tañara,himala,1	
Anna_Tañara,rare,1	
PLEASE_FOLLOW_JAI,followmejai,1	
TWEET_LIMIT_SRRY_:-(,newyearsmegamix,1	
Maintaining,oomf,1	
♡,peoplewhomademy2013,1	
alexa_da_craic_:3,happynewyear,1	
Red,mcm,1	
guguab❤️s_beth,bethanymotagiveaway,1	
TheAKLifeStyle,mcm,1	
Macey_Knightly,mcm,1	
payton_bentley,shortgirlproblems,1	
Lauren_Tademy_♡,comedy,1	
Love_No_Thot!es,2013memories,1	
IG;_vincent_cuhh,2013memories,1	
Kennie✨,2k13memories,1	
Syd,2013memories,1	
Rose,worldstar,1	
Carmelo,worldstar,1	
Daniel,himala,1	
Daniel,rare,1	
2/09⛄️,2013memories,1	
stanford_mitchell,oomf,1	
Call_Me_TB_✨,2013memories,1	
Mia_Grissom,lol,1	
Ash_Cash,2013taughtme,1	
PLS_FOLLOW_ME_JAI!!!,followmejai,2	
Vivrant_Thang✨,worldstar,1	
#YAMMOUNI_/5♡,2013follow,1	
♈,2k13memories,1	
HS_Girl_Golfer,mcm,1	
Chloé_Elder,2013taughtme,1	
Space_vixen,mcm,1	
Ella_✝,followmejai,1	
rachel,himala,1	
rachel,rare,1	
FOLLOW_ME_BEAU,2013follow,1	
Na'aja_✨✈,2013memories,1	
Tiaaaa♣️,2013memories,1	
FOLLOW_ME_JAMES_PLS,newyearsmegamix,1	
一 日三秋,2013memories,1	
Brenden_Johnson✨,turnup,1	
Brejon_Jaymise,2013memories,1	
ali,shortgirlproblems,1	
Lil_GUWOP,2013memories,1	
✈️⚾️PrimeTime⚾️✈️,2k13memories,1	
Steven_Rivera,worldstar,1	
Jake.,oomf,1	
Clyde,worldstar,1	
louis_loves_bri,peoplewhomademy2013,1	
hopeeey,turnup,1	
Miser,2013taughtme,1	
fernando_chavez,oomf,1	
❤️TYSM_BEAU_ILYSFM❤️,newyearsmegamix,4	
K,oomf,1	
Lottie_Dottie,turnup,1	
MikeG_Mcfly58,worldstar,1	
Ashley_Martinez,himala,1	
Ashley_Martinez,rare,1	
PLZ_JAMES_❤️,newyearsmegamix,2	
DES♣️,2013memories,1	
Ariana_H,2013memories,1	
Jeimmerzz!!_❤,mcm,1	
⭐,stopmexicangirls2013,1	
Lindsey_Esparza,2013memories,1	
Dasmine_Nicooole_♋️,turnup,1	
ѕαмαηтнα_❀,oomf,1	
Culitioners,2013follow,2	
Jay,oomf,1	
Maddy_♡,mcm,1	
(D)ream_(J)unkie,lol,1	
Lord_Ragu,worldstar,1	
ⒿⒶⓃⓊⒶⓇⓎ_1⃣,worldstar,1	
❀,bethanymotagiveaway,1	
ᵔᴥᵔ,2013memories,1	
Jamaican_Jordan,2013memories,1	
ЯOM▲NSKI,stopmexicangirls2013,1	
E.Jay,lol,1	
Becca,2013taughtme,1	
alexis_amore_™_,happynewyear,1	
AVOXO,mcm,1	
december_28,oomf,1	
♛,turnup,1	
Stacy_.,worldstar,1	
Very_Anit_✌️✨✊,worldstar,1	
chocolate_bomb,2k13memories,1	
T,2k13memories,1	
becca,2013follow,1	
♋️♋️♋️™,worldstar,1	
Rayjean_Jones,worldstar,1	
uh-huh,stopmexicangirls2013,1	
$$$,oomf,1	
KiNG_NEPTUNE_☆★,turnup,1	
V•XXIII•MCMXCVI,worldstar,1	
~Feb_9⃣♒~,oomf,1	
Mr_Fosta,lol,1	
Mr_Fosta,worldstar,1	
✨Vere_Benedictus✨,2k13memories,1	
maddie✨,2k13memories,1	
Shea,newyearsmegamix,1	
TobyMaguire,lol,1	
UN-BOTHERED.,2013memories,1	
Im_Devon,worldstar,1	
LittleMama_1200,lol,1	
LittleMama_1200,worldstar,1	
Bianca_Elisa.,2013taughtme,1	
quinnn⚓phelps,2013memories,1	
M.,2k13memories,1	
Kay_,2013memories,1	
Brandon_D.,lol,1	
Rah_Rah✨,2013memories,1	
jdick,oomf,1	
KathNiel_Lovies,himala,1	
KathNiel_Lovies,rare,1	
January_Second_♥,oomf,1	
K_a_m_m_y,happynewyear,1	
Suck_On_LuBe,2013follow,1	
N_☆,himala,1	
N_☆,rare,1	
Brianna_Rouppasong✨,mcm,1	
KINGJAAY$$,oomf,1	
Little_jen,mcm,1	
seti,2013memories,1	
ياسمين,2013memories,1	
уαиєтт_вαυтιѕтα,shortgirlproblems,1	
COFFEY☕,shortgirlproblems,1	
❄️⛄️January_19th⛄️❄️,oomf,1	
Nasty,oomf,1	
,followmejai,3	
j.torres,worldstar,1	
BEAU_PLEASE♡,2013follow,1	
Tien_Huynh,2013follow,1	
KING.,peoplewhomademy2013,1	
N3lli3_JANIG,2013follow,1	
lil_Justyce.,oomf,1	
Jasmiη_|_#LOCO,peoplewhomademy2013,1	
|_JOD_|,himala,1	
|_JOD_|,rare,1	
Fer_C._Valderrama,shortgirlproblems,1	
☁️elocin☁️,peoplewhomademy2013,1	
i_wish,turnup,1	
buddaa♨️,worldstar,1	
Sarah_Fogle,shortgirlproblems,1	
♥Alexa.,peoplewhomademy2013,1	
Meek_Wife_✨✈️,2013memories,1	
Leahh,lol,1	
Leahh,worldstar,1	
Dulce_Salgado,rare,1	
Rachel_Flammey,shortgirlproblems,1	
Sammy_✊,oomf,1	
Courtney_Hawkins,peoplewhomademy2013,1	
#Sc72_Don_Don,2k13memories,1	
FABULOUS,worldstar,1	
Libby_♡,stopmexicangirls2013,1	
PLEASE_JAI,followmejai,1	
03|15♓️,2k13memories,1	
Christopher_Wallace,worldstar,1	
Emily,shortgirlproblems,1	
☹_T-Rex_☹,peoplewhomademy2013,1	
AnneMercy,himala,1	
AnneMercy,rare,1	
Kory_Noll,oomf,1	
ｋｉｍｙａ,bethanymotagiveaway,1	
Blessed,worldstar,1	
Live_Action_...,oomf,1	
donika,lol,1	
AwNah,2013memories,1	
✌️,2013follow,2	
Jonathan_Murillo,worldstar,1	
shan,happynewyear,1	
Rosie,2013memories,1	
Simply_Bri♥,worldstar,1	
Tiffani_amber,2013memories,1	
Nikki_Wade,peoplewhomademy2013,1	
Money_Man_SNaAcKs,turnup,1	
yung_näts,peoplewhomademy2013,1	
Shae™,2k13memories,1	
Alex_.,lol,1	
Bday_Jan_29th,lol,1	
Jayda,2013memories,1	
gucci_2,2013taughtme,1	
King_Richie,lol,1	
King_Richie,worldstar,1	
can,worldstar,1	
Maria_Khay_ツ,himala,1	
Maria_Khay_ツ,rare,1	
Stephanie_Ann_☮,happynewyear,1	
Killa_K.,worldstar,1	
lil_bill,oomf,1	
тιαѕнα✨,mcm,1	
Love_Ella_♡,shortgirlproblems,1	
David_DePaula,oomf,1	
zodwa_wonani,oomf,1	
Brianna,worldstar,1	
Kennedy_Lambert,happynewyear,1	
I❤️LightSkinGirls,turnup,1	
Angeliz_Martinez,2013memories,1	
rich_homie_kay.,mcm,1	
Imani,worldstar,1	
ashh.,mcm,1	
EuniquaBeenDat,2k13memories,1	
⚾️Austen_Coonrod⚾️,oomf,1	
Megan_Simington,shortgirlproblems,1	
Marquez,2k13memories,1	
0⃣4⃣0⃣7⃣,2013memories,1	
Tay.,worldstar,1	
Dante_Armani_Carter,mcm,1	
CORKYY56__,oomf,1	
kiara_nofal,peoplewhomademy2013,1	
Maddi,2k13memories,1	
marina.,mcm,1	
Ladii_Dee_♥,lol,1	
Deylin_❥,2013memories,1	
i_miss_her_bro_♕✝,2013follow,2	
Hakuna_Matata.,2013memories,1	
IG:_ayeeiam_shelby,2013memories,1	
FOLLOW_ME_BEAU!!!!!!,2013follow,1	
nismaaaa,2013memories,1	
jen,mcm,1	
Sarafina,shortgirlproblems,1	
d.♡,followmejai,2	
Şeyma_Bodur,happynewyear,1	
a_l_e_x_a_n_d_r_a,worldstar,1	
casεy_wilkinson,shortgirlproblems,1	
#E4⃣KC⚡️,2k13memories,1	
¥DaMovement¥™,oomf,1	
No_Boys_Allowed✨,2k13memories,1	
raeana_sanchez,stopmexicangirls2013,1	
Leahh,comedy,1	
PrincessM❄️,2k13memories,1	
CallMeKC,worldstar,1	
PLEASE_BEAU_❄️,2013follow,1	
Gabbi_K!,happynewyear,1	
candi._⚓,happynewyear,1	
Keisha_✨,worldstar,1	
_1029_,2013memories,1	
⚡️GoDuumb_Jaii⚡️,2k13memories,1	
(◕‿◕✿),2013follow,1	
*_:LaShay:_*,turnup,1	
Ellie_Bahr,shortgirlproblems,1	
Carly_Pollock,shortgirlproblems,1	
peyton,worldstar,1	
๑_ɛrin_๑,peoplewhomademy2013,1	
maddie,oomf,1	
_ZAINAB_,2k13memories,1	
Papii_Rick,comedy,1	
karla_,worldstar,1	
Tkeitha♑️✊,2013memories,1	
✈️..,2013memories,1	
Happy_34th_Caroline✨,2013memories,1	
24thOfJan♒️,2013memories,1	
K_Dot,mcm,1	
☼,2013follow,3	
ashley_bee.,stopmexicangirls2013,1	
TEErikaMileyy,oomf,1	
TheRoyalCierra,lol,1	
Mindy,turnup,1	
Papiaa,bethanymotagiveaway,11	
JAMES_!_0/5,newyearsmegamix,1	
Sienna_:)_0/5_:(,followmejai,5	
sabrina_manca,happynewyear,1	
ᎯℒᎽЅЅᎯ_ℳᎯℛℐℰ,lol,1	
ᎯℒᎽЅЅᎯ_ℳᎯℛℐℰ,worldstar,1	
Chimène_Lbb,happynewyear,1	
•Noah•,mcm,1	
love,worldstar,1	
POP_A_TRACE,newyearsmegamix,4	
King_〽️arco,2013memories,1	
Ponausuia™,worldstar,2	
whatever✌️,turnup,1	
unknown,bethanymotagiveaway,3	
VICTORIA_FOLLOW_ME,2013follow,1	
PLS_JAMES_IM_BEGGING,newyearsmegamix,1	
Samaiyahg,turnup,1	
RipNateGeez,2013memories,1	
Asshole,peoplewhomademy2013,1	
Sweetheart,2013taughtme,1	
Rylie_Dartez,shortgirlproblems,1	
Izzat_Nadzmi_,happynewyear,1	
Bethany_Mota,bethanymotagiveaway,1	
Luke_Morgan,2013memories,1	
Brooke,bethanymotagiveaway,1	
JashanB.,2k13memories,1	
Julian_Garcia,worldstar,1	
Sky_Rodriguez,bethanymotagiveaway,2	
Jessica_Sweeney,bethanymotagiveaway,1	
MyDayJan18,oomf,1	
en_jail,worldstar,1	
Sabrina_DeBenedictis,happynewyear,1	
Lanie,oomf,1	
#bethanymota,bethanymotagiveaway,3	
Ka'Lynn_Jupiter,oomf,1	
PLEASE_JAI,newyearsmegamix,5	
G._Blanco,2k13memories,1	
breannemars,stopmexicangirls2013,1	
✞,lol,1	
✞,worldstar,1	
Michelle_Liang,bethanymotagiveaway,2	
♡♡Beth♡♡,followmejai,1	
princess,2013memories,1	
Angel_Cohen,2013memories,1	
Jawnstopher,mcm,1	
jazzzzzzz✨,2k13memories,1	
BRI_FOLDS,peoplewhomademy2013,1	
plzzz_james❤❤❤❤❤✌,newyearsmegamix,1	
BEAU_PLEASE_PLEASE,2013follow,1	
♫_FOOD_♫\t,2013follow,3	
kadisha_craigwell,mcm,1	
S_A_R_A_H,oomf,1	
IG:___007Biggss,lol,1	
IG:___007Biggss,worldstar,1	
allyouniggasbleed,2k13memories,1	
Elisa_Di_Nezza,shortgirlproblems,1	
Daryl_Riley™,worldstar,1	
Meghan_Pacher,bethanymotagiveaway,6	
Crystal_Alencaster,stopmexicangirls2013,1	
i-be-that-baddie,worldstar,1	
I'm_yoning,worldstar,1	
Luis_Lopez,lol,1	
Kylee,mcm,1	
mallory_putnal,comedy,1	
Saris_Serrano,bethanymotagiveaway,1	
Karlita,stopmexicangirls2013,1	
#JustinMeetMiley,2013memories,1	
GEORGE'S_CHIN,peoplewhomademy2013,1	
ᒍ._ᗩᔕᕼOᑎTᗩE'™✨❤️,mcm,1	
Martin,lol,1	
Mikadlacruz,himala,1	
Mikadlacruz,rare,1	
oG_$wank,2k13memories,1	
Lynea,2013memories,1	
miranda,mcm,1	
Mark,lol,1	
♍,2k13memories,1	
Gee-Uhh,2k13memories,1	
Abigail.,oomf,1	
King_TuT,oomf,1	
Kaaaap_❤️,2k13memories,1	
Clydia,2013memories,1	
Morgan_Schoenthal,2013memories,1	
ijeoma,2k13memories,1	
minaj.,peoplewhomademy2013,1	
Morgan_Leigh,shortgirlproblems,1	
I♥B_O_B_M_A_R_L_E_Y,oomf,1	
Nikita_Lee_Abrams,mcm,1	
PussyWagon,2013memories,1	
frances_melgar,himala,1	
frances_melgar,rare,1	
ιм_тнαт_иιggα✊❤,oomf,1	
LionQueen.,oomf,1	
ℐaʏℒo,oomf,1	
Angelica_Celis_❤▲,himala,1	
Angelica_Celis_❤▲,rare,1	
Nataly_♡,2013memories,1	
Lex_Luger,2013memories,1	
Innovative_Herm..,2013memories,1	
COLORmeBADD_ツ,worldstar,1	
Sydney_Layrock,2013taughtme,1	
DARMAYNE_▲,himala,1	
DARMAYNE_▲,rare,1	
Bri,worldstar,1	
hi,_im_Kioki_:),oomf,1	
Lelah_Anahi.,lol,1	
Dont_Get_Gassd_Cos_I,2013taughtme,1	
Khadija,2013memories,1	
Tyler_Gregory,lol,1	
Victor,lol,1	
Dad(Your_Creator),2k13memories,1	
keezy✨,2013memories,1	
LaysiaB❤️,2k13memories,1	
Chris_Green,lol,1	
Kristen_Richelle,mcm,1	
jenice_✝,worldstar,1	
♚eros♚,worldstar,1	
Hannah_Walter,happynewyear,1	
Ł.Ë.X❤️,2013memories,1	
4/28♉️,comedy,1	
January2⃣✌♑#PFC,2013memories,1	
#CRAYDAY23_OUT_NOW,worldstar,1	
Lord_Dasia,2013memories,1	
Sha'Quayla_Davis,newyearsmegamix,1	
lexxxx,2013memories,1	
debbie,worldstar,1	
✈️#LIONHEARTED✈️,2013memories,1	
Nzali.,2013memories,1	
.....Me,worldstar,1	
frances,peoplewhomademy2013,1	
Vee,oomf,1	
LetsBeFRANK,lol,1	
LetsBeFRANK,worldstar,1	
Kiara,peoplewhomademy2013,1	
Blair_Feldman,shortgirlproblems,1	
Weed&Courvoisier,2k13memories,1	
IG:@boosiebaddiee__,mcm,1	
han_❁,mcm,1	
Tasia,worldstar,1	
Rashae_,turnup,1	
Ashley_C.,worldstar,1	
neet_neet,2013memories,1	
VBJ,lol,1	
VBJ,worldstar,1	
gissy,mcm,1	
Maya,2k13memories,1	
Bree.,lol,1	
Bree.,worldstar,1	
Reanne_Serrano_▲∞,himala,1	
Reanne_Serrano_▲∞,rare,1	
#AmberForUGirlMiami♡,peoplewhomademy2013,1	
Raina_Cierra✨,2k13memories,1	
Traye_Gilliam,lol,1	
Liz_Irene,happynewyear,1	
Erin_Bates_✨,lol,1	
Erin_Bates_✨,worldstar,1	
FOLLOW_ME_JAI,followmejai,3	
Marisoll✨,2013memories,1	
GQ,lol,1	
GQ,worldstar,1	
Asia_Smith,lol,1	
Asia_Smith,worldstar,1	
Kayla_...,lol,1	
Kayla_...,worldstar,1	
Fuck_it,_and_You!!!!,worldstar,1	
Jordan,2013memories,1	
ΚΛΥΙΛ_VΣΛVΣ,lol,1	
ΚΛΥΙΛ_VΣΛVΣ,worldstar,1	
KCT,happynewyear,1	
Caroline_Scott,mcm,1	
n¡ms,peoplewhomademy2013,1	
Kate_Givens,2013memories,1	
,oomf,1	
Pablo_Chacon,2013memories,1	
$$$,worldstar,1	
Yup_yup_seven_up_(:,newyearsmegamix,1	
Christal_le_Muse.,worldstar,1	
Dana_Fitzgerald,mcm,1	
JarretFromStateFarm,peoplewhomademy2013,1	
Hissa_ALAdwani,2013memories,1	
Kerry_Flippin,happynewyear,1	
Alena_Marie,2013taughtme,1	
azi_fuekare.,worldstar,1	
Steph_Taylor,happynewyear,1	
Sleaze_Griffey_Jr,worldstar,1	
Ashley_Abernethy,peoplewhomademy2013,1	
Chrystal_Diamond,2013memories,1	
january_12♑️,turnup,1	
Gaby✨,stopmexicangirls2013,1	
Jêššïćå_Lûçkëtt,mcm,1	
Jade_Bella_♡,peoplewhomademy2013,1	
JOE_BLOW!!!,mcm,1	
PrettyLittleMe,turnup,1	
Krystara.,2013memories,1	
YGRN✈️,oomf,1	
$$$,peoplewhomademy2013,1	
PLEASE_JAI,followmejai,3	
dn_ǝpısuʍop_✌,oomf,1	
PLEASE_JAI,followmejai,1	
LEE_#Ready4The3peat,oomf,1	
Inspectah_Jesus,2013taughtme,1	
j-money,oomf,1	
Gabby,bethanymotagiveaway,1	
Tonéa❄️⛄️,2k13memories,1	
Chealing_Lay,bethanymotagiveaway,1	
aldo's,shortgirlproblems,1	
FameUBrihanna,worldstar,1	
Palos_From_StateFarm,peoplewhomademy2013,1	
LL,worldstar,1	
IG_:_lanaaaa___,comedy,1	
kira,,oomf,1	
Dom_Dolo,comedy,1	
B._$$,lol,1	
B._$$,worldstar,1	
JetsettinWithDiggy✈️,oomf,1	
Jenny_Fly,happynewyear,1	
eunice,followmejai,1	
Andrice_Danthier,worldstar,1	
FREE_HOOD,mcm,1	
,2k13memories,1	
;_Kimboo_.♥,2k13memories,1	
jkc,oomf,1	
N_O_R_T_H_S_I_D_E,2013memories,1	
Leigh._♡,2k13memories,1	
Mona',worldstar,1	
Coral_Rodriguez,shortgirlproblems,1	
Kyanna_Natrè,worldstar,1	
☠_Giulliana_Leão_☠,happynewyear,1	
Kwasi_Motto,worldstar,1	
Ms.Jan4th♑️✨,2013memories,1	
Enigma⚢,turnup,1	
Jade_♕,lol,1	
A_✨,2013memories,1	
Taaisshh,peoplewhomademy2013,1	
nash✨,followmejai,3	
NASTY_KIDD,2013memories,1	
N,happynewyear,1	
Luh-Key-Uh__❣❣❣❣❣,lol,1	
Luh-Key-Uh__❣❣❣❣❣,worldstar,1	
,peoplewhomademy2013,1	
AFVCKUP!,worldstar,1	
Will_Da_Beast,lol,1	
1⃣.0⃣1⃣,2013memories,1	
T.I.H_Trez_Williams,worldstar,1	
-._Darlene,worldstar,1	
Shir_Amrami_∞,bethanymotagiveaway,1	
Oberherr,2013memories,1	
Ann_King,lol,1	
Regine_Abesamis,happynewyear,1	
Long_Live_Kengeee,lol,1	
Long_Live_Kengeee,worldstar,1	
Cony_Ramos,happynewyear,1	
s•u•p•a•n•o•v•a_☕️✨,mcm,1	
....,worldstar,1	
ひひひ,turnup,1	
ChrisBailey,comedy,1	
Lay,oomf,1	
Gorbacheva_Diana,happynewyear,1	
...,turnup,1	
Lincoln_Clapper,turnup,1	
KieoriGethers,bethanymotagiveaway,1	
#watchyahoe,oomf,1	
You're_my_homie_so_I,2013follow,1	
QUAN,2013memories,1	
†iaa,turnup,1	
November_30,worldstar,1	
⚡Breon⚡,2k13memories,1	
Ceeelllooo,worldstar,1	
H.Caspers,worldstar,1	
TOPP_SHOTTA,lol,1	
TOPP_SHOTTA,worldstar,1	
janurary1⃣BossDay,2k13memories,1	
✊_The_Real,oomf,2	
wassgucci✨,2013memories,1	
️0ɴɛℓ0ѵɛ_❤️_.,2013memories,1	
1/29♒️,2013memories,1	
1/16,2k13memories,1	
Сргй_➕Сргвич,happynewyear,1	
Gabbbyyyyyyyyy✨_✊,oomf,1	
KinG_WizarD,worldstar,1	
camEla_☯,2013follow,1	
Dessy,worldstar,1	
jenna_schmidt,peoplewhomademy2013,1	
..†oni_★,comedy,1	
Kortany_,turnup,1	
Young_King,worldstar,1	
Pocahontas_♋,oomf,1	
MT,worldstar,1	
X_O_️,worldstar,1	
Wacko_Dreamer,worldstar,1	
Jasmine_Reneé❤️,oomf,1	
,peoplewhomademy2013,1	
Sharondaa_t'neseee,turnup,1	
♡♕chuchay~patch♕♡,himala,1	
♡♕chuchay~patch♕♡,rare,1	
PLEASE_JAMES,newyearsmegamix,1	
Furious_Styles,worldstar,1	
Jazz,oomf,1	
danielle✈️,shortgirlproblems,1	
The_MC,worldstar,1	
Daniel_Green,comedy,1	
$WAGGY_P,2k13memories,1	
£,2k13memories,1	
Carly_Cunningham,2013taughtme,1	
DaiMinooo,2013memories,1	
6_days_union_j,peoplewhomademy2013,1	
.,oomf,1	
Megan_Smith,mcm,1	
DOO,worldstar,1	
☮_ʝυℓια_¢αи∂єℓαяια_∞,turnup,1	
Maaakkiiaaa,mcm,1	
Bangtan_Sonyeondan❤️,peoplewhomademy2013,1	
Duwopppp,2k13memories,1	
cupido.,2013memories,1	
Dakota❤,peoplewhomademy2013,1	
Anthony_Tapia,stopmexicangirls2013,1	
$LAYBABY♨️,2k13memories,1	
meloooody,worldstar,1	
❤️Asiaa❤️,turnup,1	
Pisces,oomf,1	
Adaliah_Jade,2013taughtme,1	
HarrysCupcake∞,2013follow,1	
♛Maddie_Schaeffer♛,peoplewhomademy2013,1	
Lakia__Jones,lol,1	
Lakia__Jones,worldstar,1	
✨TaYlOr✨,2013taughtme,1	
tee'cee_♥♥,turnup,1	
niezzzzzy♏️,2013memories,1	
stephanie_❁,followmejai,7	
Haley_Fleming,peoplewhomademy2013,1	
12.Jan,lol,1	
AntoTirado,happynewyear,1	
A,peoplewhomademy2013,1	
G_Y_M_R_A_T,lol,1	
G_Y_M_R_A_T,worldstar,1	
Sat❤️,happynewyear,1	
,2013memories,1	
♚ɐuuəʞɔɯ♚,peoplewhomademy2013,1	
unnoticed,followmejai,1	
Isaiah_barber,2013memories,1	
luke,comedy,1	
Freddy_B.,turnup,1	
Raull♪,peoplewhomademy2013,1	
IG:Outragces_^_^,oomf,2	
Eric_〽itchell,comedy,1	
Asia_⚾️❤️,2013taughtme,1	
Chayyyy,2013memories,1	
Alexia_❁,stopmexicangirls2013,1	
Laura_Beth_Andrews✨,mcm,1	
William_#49,worldstar,1	
♛_Queen_Ayj_♛,2013memories,1	
Darren_Leon,turnup,1	
AlmightyO,comedy,1	
Michaela_➰️,worldstar,1	
Ellie,2013memories,1	
❄❄❄❄,2013taughtme,1	
FEB.3RD_AL〽IGHTY,2013memories,1	
Sharja,peoplewhomademy2013,1	
D.,2k13memories,1	
®©,comedy,1	
clarence,2013memories,1	
❤️Bound2Fallinluv,worldstar,1	
idk_man._0/5,2013follow,1	
Tayguccisosa,2k13memories,1	
DoubleUE,mcm,1	
oscar.,worldstar,1	
Uzumaki_Dorothy(;_♌,stopmexicangirls2013,2	
LiL_Leak_⛽️,2013memories,1	
Christen,comedy,1	
47,worldstar,1	
Stephaniiee,2k13memories,1	
indi▫,2013memories,1	
syd.,2k13memories,1	
❗️thebomb.com❕,2013memories,1	
♈️0⃣3⃣2⃣9⃣✨,2013memories,1	
⚡️Ant♑️,oomf,1	
jess➰,happynewyear,1	
Joshua_Lightburn,worldstar,1	
IG:DATNIGGAKWESI,lol,1	
IG:DATNIGGAKWESI,worldstar,1	
h_a_l_e_y_✨,2013taughtme,1	
Alexis_Bobbert,lol,1	
Alexis_Bobbert,worldstar,1	
King._2⃣3⃣,worldstar,1	
adrianna_✌,turnup,1	
Juice,lol,1	
Juice,worldstar,1	
Becca_Raab,shortgirlproblems,1	
leyaaa,peoplewhomademy2013,1	
Je_n'aime_pas,worldstar,1	
Young_King,2013memories,1	
✨❤️MoonWalker❤️✨,mcm,1	
Madison_Ubry,2013memories,1	
Milk,2013memories,1	
T._Rose,2013memories,1	
Mommybéar,himala,1	
Mommybéar,rare,1	
Ninaaá✨,2013memories,1	
December21,comedy,1	
Ivy_Rose,oomf,1	
Juicey'sGLODayJan6th,turnup,1	
bâ$këtbåll_#¹,turnup,1	
AlbanianGleesh,2k13memories,1	
Mike_Bentley_✊,peoplewhomademy2013,1	
January_1⃣5⃣th,2013memories,1	
Morgan_Owens,shortgirlproblems,1	
Karleigh_Schulman,shortgirlproblems,1	
♕₫ℴ_яӏḁ♛,2013memories,1	
littleLovelyLES✂️,oomf,1	
ACM,2013follow,1	
Loryn_Willis,mcm,1	
Maarley.⚓️,2013memories,1	
papi_chulo,oomf,1	
liseee,2013memories,1	
Westport_Mon,2013memories,1	
ʙ_ɛ_ʟ_ɪ_ɛ_v_ɛ_♡,2013follow,1	
Brianna_Silva,mcm,1	
يعلي,2013memories,1	
⚡Stephanie⚡️,2013memories,1	
Smileyyyyy_ツ,worldstar,1	
selfie_queen,peoplewhomademy2013,1	
Esmeralda♡,happynewyear,1	
CollegeFinesser,2013memories,1	
Amara_Murillo,oomf,1	
A.K,2k13memories,1	
кιαяαααα_мαяιєєєє!_∞,2013memories,1	
Mandy,peoplewhomademy2013,1	
JAI_PLEASE,followmejai,1	
m.,2013memories,1	
Katie_Kraemer,shortgirlproblems,1	
FOLLOW_ME_JAI,followmejai,1	
Follow_Me_Jai,followmejai,2	
JAZMIN_✌❤,oomf,1	
CuteAss_Lele,oomf,1	
Princess_Keeeeey_♥_',lol,1	
Princess_Keeeeey_♥_',worldstar,1	
LukeBrooksNoticeMex,2013follow,1	
Sonny_Side_Up,worldstar,1	
medusa,2013taughtme,1	
Heather_Aton,2013memories,1	
megan_rose_penman,shortgirlproblems,1	
Jo_jo_,peoplewhomademy2013,1	
Abcdee_Remoquillo,himala,1	
Abcdee_Remoquillo,rare,1	
Hayley_Greiner,mcm,1	
◤★⚡Chris⚡★◥,peoplewhomademy2013,1	
GO_SEAHAWKS,stopmexicangirls2013,1	
Jerry_Gibson,worldstar,1	
mark_manicad,happynewyear,1	
krystä_çãldwëll,shortgirlproblems,1	
Christine_Mäy_Öterö,himala,1	
Christine_Mäy_Öterö,rare,1	
KD,worldstar,1	
DIANE♪,happynewyear,1	
I_LOVE_TAYLOR,2k13memories,1	
jan_6th_♡,worldstar,1	
Emoni,2013memories,1	
JAI_BE_MY_5/5,followmejai,1	
Young_Simba_#25‼️,2013memories,1	
KingAlmighty_Styles,2013memories,1	
,2013memories,1	
Cheyenne,stopmexicangirls2013,1	
Jackie_C._Lee,followmejai,8	
OohJaibrooks,followmejai,1	
Ava,2013memories,1	
kelli,lol,1	
Dєє..,oomf,1	
'AmbitiousGirl',turnup,1	
∞,2k13memories,1	
White_boyyy_,2013memories,1	
Helena_Gruwell,mcm,1	
Amber,oomf,1	
Marlee,peoplewhomademy2013,1	
Adrianna_†,oomf,1	
Laurel_Maunder,shortgirlproblems,1	
#21_✨,lol,1	
janae.,2013memories,1	
Chris,comedy,1	
janina_♡,newyearsmegamix,2	
Noel_Wallace⭐,2013memories,1	
Vanessa_V._✨✌,oomf,1	
Goin_La'Hatchy_!,worldstar,1	
Vezzy_Vez,2013memories,1	
FAZER,happynewyear,1	
la'DEE❤️,2k13memories,1	
Tee_✨,lol,1	
✨️JetSet_✨,2k13memories,1	
Boomba,worldstar,1	
emeline_☁️,2013memories,1	
Trin._⚡,oomf,1	
Mar.12th:ThugDay\♥,worldstar,1	
DanDan,worldstar,1	
OsamaBinRobbin,2013memories,1	
Almighty_Jugo,stopmexicangirls2013,1	
*_Pretty_Hurtsssss_*,worldstar,1	
Boojie_Brat,2k13memories,1	
jaino.,comedy,1	
•hev•,2013memories,1	
Bonito_Chico,2013memories,1	
Free_MARLEY_&_NAS_✊❗,2013memories,1	
Yancey_Smith,2013memories,1	
_T_A_Y_Y_,lol,1	
_T_A_Y_Y_,worldstar,1	
march3rd,happynewyear,1	
ErricaaJayy_⚓♥,shortgirlproblems,1	
De_zi_er,worldstar,1	
Brb♔♚❣,happynewyear,1	
Young_Rich_Nigga️,worldstar,1	
Junar_Eliang,2013taughtme,1	
Adios.✌,2k13memories,1	
☯,2k13memories,1	
Johanna_Simmonds_☀,mcm,1	
kingDre,worldstar,1	
02/05_♒,lol,1	
underc0ver_lightskin,turnup,1	
TreeWife2⃣3⃣✨❤️,2013memories,1	
Kaitlyn_Strode,mcm,1	
Khadijah,bethanymotagiveaway,5	
Shrey_Patel,worldstar,1	
the_Dword.,2k13memories,1	
Leona__ღ,2013memories,1	
gloo_all_up,2013memories,1	
Elisa_Cristina,oomf,1	
pops,lol,1	
Jamin_Green,oomf,1	
Adriannaaaaa_✨,oomf,1	
The_Perfect_Ass_Face,turnup,1	
Jess,oomf,1	
IG:_XoXoCali,2013memories,1	
..._Court_❤,worldstar,1	
Hannah_Jarvis,peoplewhomademy2013,1	
✝_Little_Meryl_✝,2013memories,1	
Destiney22,peoplewhomademy2013,1	
〽,2013memories,1	
v,lol,1	
v,worldstar,1	
Tammy,happynewyear,1	
Savanah_Mae✌,mcm,1	
Eleniii,2013taughtme,1	
✌️.,peoplewhomademy2013,1	
Cameron✨,oomf,1	
Allene_Fayad,worldstar,1	
itsNyah✨,2k13memories,1	
Alexis_Mestdagh,happynewyear,1	
VersellThompson,2k13memories,1	
Omar_Marquez,2013memories,1	
✨JANUARY_5th✨,oomf,1	
FOLLOW_ME_BEAU_❋,2013follow,1	
JuanPpi,2013memories,1	
Ⓜ️ARCH_♓️,2013memories,1	
*!JAN_4TH!*,oomf,1	
DRE,worldstar,1	
°•°East_Coast°•°,turnup,1	
$chleepy_K,worldstar,1	
♡pls_Jai♡,followmejai,1	
the_boyo,shortgirlproblems,1	
danielle_smith_∞,oomf,1	
Hugo_Alvarez,2013memories,1	
YoungRoeLaflare⛄️,comedy,1	
Shane_Bowen,worldstar,1	
Pizza_Mia._®,2013taughtme,1	
Benji_Drea,oomf,1	
Justin_Perez,worldstar,1	
lil'_Jordan,oomf,1	
Jamie_Watson,happynewyear,1	
♡,newyearsmegamix,1	
Katie,oomf,1	
Kayla,peoplewhomademy2013,1	
Justin_Dozier,lol,1	
Justin_Dozier,worldstar,1	
Dejaa_♋,2013memories,1	
Javier_Arana,oomf,1	
ιg:__ѕнαуωяιgнт_,shortgirlproblems,1	
Colleen_Burke♡,mcm,1	
Suburban_Lightskin,mcm,1	
heartles,comedy,1	
Delia,mcm,1	
Roseena_Hardcastle,mcm,1	
Hailsss_❁❁❁,mcm,1	
Indecisive✨,2k13memories,1	
Margaret,peoplewhomademy2013,1	
Katie_Stites,mcm,1	
Pedro,turnup,1	
Rich_Porter,oomf,1	
Emoni_❤️✨,oomf,1	
⚓,2013follow,1	
Ñ_ä_T_å_Ł_Į_Ê_⚾️,oomf,1	
KLC,mcm,1	
Rich_Porter,2013memories,1	
SpokenMxxnded,turnup,1	
Truly_Blessed,worldstar,1	
ErinNicolee,shortgirlproblems,1	
Bob_Harper_Fans,lol,1	
CertifiedMOBGirl.✊✈,2013memories,1	
That_Foster_Kid✊,turnup,1	
Joshua_Greene,2013taughtme,1	
Cassss,shortgirlproblems,1	
Pres,happynewyear,1	
attractive,worldstar,1	
Vanessa_Monè,lol,1	
Vanessa_Monè,worldstar,1	
amelle,newyearsmegamix,5	
.,2013memories,1	
Tyler_Jones,lol,1	
Tyler_Jones,worldstar,1	
loading_._._.,lol,1	
loading_._._.,worldstar,1	
Angelitaa_♡,oomf,1	
tini✼,2013memories,1	
January_13,turnup,1	
Kerri_Smith,mcm,1	
Makayla_Varnell,mcm,1	
Dayna_Hunt,2013taughtme,1	
CruddyBoy,comedy,1	
Riley_Delaney,2k13memories,1	
,turnup,1	
⚡️Chuk⚡️,2013memories,1	
Kale'la_Presley,2013memories,1	
Kayla_Goffinet,shortgirlproblems,1	
Almighty$lim_︻╦╤─,mcm,1	
LiShA,bethanymotagiveaway,5	
....,worldstar,1	
Brittny_w/o_the_A,peoplewhomademy2013,1	
tenea✨❤️,2k13memories,1	
⛎BIŞEXÜAL♓,worldstar,1	
Samantha_Carotenuto,2013taughtme,1	
Jody,comedy,1	
Karsyn,oomf,1	
Muhammad_ALou,comedy,1	
Juan_Alamo,2013taughtme,1	
Saris_Loaiza,shortgirlproblems,1	
princess✨,2013memories,1	
snow.,oomf,1	
Chloe_Jowett,happynewyear,1	
èL'Chopo_Guzman,worldstar,1	
мcкηιgнт™,mcm,1	
✨GoCrazySonriente✨,2013memories,1	
☠,2013memories,1	
-JustARandomKid-,2013memories,1	
ovo✘o_✨,comedy,1	
JAMES_BE_MY_1/5,newyearsmegamix,1	
PINKFLAMINGOs™,worldstar,1	
Kayla_✨,mcm,1	
J_❤,2013memories,1	
Taylor_Gauss,mcm,1	
Maria_R.,2013taughtme,1	
j,followmejai,8	
♔Alexis_Ratley♔,comedy,1	
fre$h2deff,2013memories,1	
Yasmine,shortgirlproblems,1	
.,mcm,1	
Harper_Bell,shortgirlproblems,1	
thank_you_james,2013follow,1	
❤️23September'13❤️,2013memories,1	
Saraaah,mcm,1	
breee.,2013memories,1	
Queen_B__:),2013memories,1	
Келли_☭,shortgirlproblems,1	
Emma,turnup,1	
karina.,2013memories,1	
fckYouuuu❤️,mcm,1	
B,comedy,1	
B,lol,1	
HOOD_NIGGA,comedy,1	
Devin_Keyy,2013taughtme,1	
Z❤️E,worldstar,1	
Kristen_Ramsey,mcm,1	
Michelle_Moraaaa♥,mcm,1	
Tommy_Clarke,peoplewhomademy2013,1	
_L,mcm,1	
☹makayla☹,lol,1	
☹makayla☹,worldstar,1	
OG_LIGHTSKIN,oomf,1	
Man_of_the_Year,2013memories,1	
☠_clodagh_☠,followmejai,1	
´·͵,worldstar,1	
FAMXCI,happynewyear,1	
listy_crawford,oomf,1	
R.I.P_Doo,oomf,1	
numb.,2013taughtme,1	
Brittney_Lis,peoplewhomademy2013,1	
Enchilada,worldstar,1	
courtney_scheer,mcm,1	
ana,stopmexicangirls2013,1	
beatrice_pastor,2013memories,1	
яσ¢нєℓℓє,2k13memories,1	
maggie_naclerio,happynewyear,1	
Misunderstood,2k13memories,1	
Valencia™_✨,worldstar,1	
christmas_car(e)ol,2k13memories,1	
kaaaaaisy_;o,2013follow,1	
♛Alessandra♛,followmejai,1	
友XX,2013memories,1	
trillYUNGsavage,worldstar,1	
Georgie_Shirley,mcm,1	
Ty_Diallo,2013memories,1	
Lauren,2013memories,1	
Shing-Shong,2013memories,1	
Selena_Gomez,peoplewhomademy2013,1	
ShyannaLynn12:),worldstar,1	
Jessica,worldstar,1	
Abby,peoplewhomademy2013,1	
January_21st,2013memories,1	
Sabrinaaa,2013memories,1	
Brooks.,2013follow,2	
Brooks.,newyearsmegamix,6	
Grant_Minson,mcm,1	
Alicia,happynewyear,1	
Hanif_Rahman,2013memories,1	
✖✖✖,2013memories,1	
moomoo,2013memories,1	
Kawanna✌,2013taughtme,1	
Birds_Of_A_Feather,oomf,1	
Izzy,2013taughtme,1	
D_who?,turnup,1	
AprilandTaylor,2013memories,1	
tweeetME,oomf,1	
Kylie_Wagner,shortgirlproblems,1	
lauren_☺️,mcm,1	
Angelina_Cisneros,mcm,1	
Danii✌️™,2013memories,1	
Kaycee_Westphal,shortgirlproblems,1	
Erinn.✨,oomf,1	
MSFTSRep,lol,1	
Jaydog,comedy,1	
Jaydog,lol,1	
Sammy,stopmexicangirls2013,1	
ArieAnna_✨,worldstar,1	
B.O.J❄️,2013memories,1	
Brianna_Merryman,mcm,1	
Melissa✨,worldstar,1	
Alex_Delgado,lol,1	
Alex_Delgado,worldstar,1	
ÂKL,mcm,1	
misguided_amanda,2013memories,1	
Pastor_Pimp_D_XXIV,comedy,1	
ddlovato,followmejai,4	
brenonna_lynn._ღ,shortgirlproblems,1	
jayde,2013memories,1	
michelle,worldstar,1	
B,2013taughtme,1	
fa$hionkilla,2k13memories,1	
lifewithMY_,2013memories,1	
Mariana_Esparza,stopmexicangirls2013,1	
Ye.✌,worldstar,1	
Randi.,oomf,1	
Celena,stopmexicangirls2013,1	
Free_Pep,oomf,1	
Princess_Jasmyn,turnup,1	
▲Carl_A._Johnson▲,2013memories,1	
Georgia_Cromwell,happynewyear,1	
jungle,peoplewhomademy2013,1	
X_FACTOR,comedy,1	
true_story.,worldstar,1	
Autumnnn,peoplewhomademy2013,1	
alana,2013memories,1	
Alyssa_McMahon,mcm,1	
alpha,2013memories,1	
SuperHuman⚡️,oomf,1	
Nikki!,happynewyear,1	
Hayley_Wilson,happynewyear,1	
Mason_Davis,shortgirlproblems,1	
chelsea.,lol,1	
Nay_❤️,2k13memories,1	
moe,oomf,1	
Gabriella☀,peoplewhomademy2013,1	
No_Ordinary_Lady,2013taughtme,1	
Swahili,worldstar,1	
karen_anne,happynewyear,1	
Breja,oomf,1	
Da_Von,_Von._✌,2013memories,1	
PLEASE_BEAU,2013follow,16	
megannn,oomf,1	
HalieKristine,2013memories,1	
EZ✨,comedy,1	
MEHTerey▲,himala,1	
MEHTerey▲,rare,1	
JayB,oomf,1	
Iqroop_Bains_☬,lol,1	
Iqroop_Bains_☬,worldstar,1	
Rayne,oomf,2	
macy_mccluer,lol,1	
macy_mccluer,worldstar,1	
яιαh_ღ,oomf,1	
'Jay,comedy,1	
Ⓛ,shortgirlproblems,1	
Shanika,worldstar,1	
abby_richardson,lol,1	
FOLLOW_ME_JOSH,peoplewhomademy2013,1	
K,2013memories,1	
Mikayla_Hall,followmejai,1	
Sommer_Holder,happynewyear,1	
Gissel_Martinez,worldstar,1	
Ⓜ️oney_3⃣,2k13memories,1	
Mo,mcm,1	
Kyle_Adame,himala,1	
Kyle_Adame,rare,1	
Duece-Duece_(#22)_™,2013memories,1	
PrincessT,worldstar,1	
#TEAMMINDLESS_❤,2k13memories,1	
King_Kai,worldstar,1	
Breeana_Breezy,lol,1	
BigdaddyBre,worldstar,1	
سامتشز؟,lol,1	
✌️,bethanymotagiveaway,2	
EmJay,lol,1	
CATCHING_FIRE,2013memories,1	
kristinelise_✌,oomf,1	
❌COBRA❌BRYANT❌,2013memories,1	
MERRY_SHADEMAS!,stopmexicangirls2013,1	
K☁,2013memories,1	
☹_Brooke_☹,mcm,1	
SideBase_Kelc,worldstar,1	
emilyy_ivoryy,mcm,1	
Drāluminati,oomf,1	
ツ_Bunnie_D,worldstar,1	
Marie.✌❤,comedy,1	
Lovely_di_Angelo,himala,1	
Lovely_di_Angelo,rare,1	
TroyTheRealest,oomf,1	
The_King,lol,1	
The_King,worldstar,1	
Jenica_Rose_Macospag,himala,1	
Jenica_Rose_Macospag,rare,1	
margaret,2013follow,1	
Willie.,oomf,1	
Ny'keya,2013memories,1	
Birthday_Tomorrow_☺️,worldstar,1	
❄️Drew❄️,worldstar,2	
kirakira.,2013memories,1	
/_/,shortgirlproblems,1	
abm,worldstar,1	
BEAU_PLEASE,2013follow,3	
銃只盾,2k13memories,1	
,2013follow,1	
Marissa,2013memories,1	
Dymeek_Aaron_Veal,2013memories,1	
†Miaaa,worldstar,1	
Tia_Denise,comedy,1	
Christian_Saturday_∞,happynewyear,1	
NePhEw_TwoFour,happynewyear,1	
Monica,mcm,1	
citlaly.,stopmexicangirls2013,1	
lillisssss,shortgirlproblems,1	
†_Will_†,2013follow,1	
Eric_Anthony_Duran,oomf,1	
LJ_♡,himala,1	
LJ_♡,rare,1	
JAZP.♡,stopmexicangirls2013,1	
celine_godfrey,turnup,1	
Hayyy,mcm,1	
Alicia,stopmexicangirls2013,1	
cristal_molina,bethanymotagiveaway,5	
Gabriela.,2013taughtme,1	
Emmy⚓️,2013memories,1	
Roland,oomf,1	
c_i_e_a_r_a.,lol,1	
space_cowboy,lol,1	
2|19✨,2013memories,1	
-,2013memories,1	
mar_❥,peoplewhomademy2013,1	
E.,stopmexicangirls2013,1	
ice_bryncess,peoplewhomademy2013,1	
STUDENT-ATHLETE,oomf,1	
nikki_lim.,himala,1	
nikki_lim.,rare,1	
Tati,mcm,1	
Cha$e_Lavender,lol,1	
Cha$e_Lavender,worldstar,1	
tiyonaaa_❤,2k13memories,1	
✌нαɴɴαн❤,peoplewhomademy2013,1	
ɹǝʎoq_ʎǝɹoɔ,oomf,1	
Daniella(:,2013memories,1	
Jeyshaliz_Aponte,2013memories,1	
isabel_villanueva,happynewyear,1	
was,oomf,1	
eddie,peoplewhomademy2013,1	
Siimit.M✨,lol,1	
Siimit.M✨,worldstar,1	
Odaliz,2013taughtme,1	
monet,2k13memories,1	
$eductive_Hu$tler,lol,1	
$eductive_Hu$tler,worldstar,1	
Lexiiii_✝,2013memories,1	
ken,2013memories,1	
Canela_Ré_❤,comedy,1	
Jahziel_Velez,himala,1	
Jahziel_Velez,rare,1	
5⃣6⃣FILA_0⃣0⃣,oomf,1	
jasmine.,peoplewhomademy2013,1	
Blair_Rubnich,mcm,1	
hay_stack_❣,2013memories,1	
hay_stack_❣,2013taughtme,1	
ŦUPØU,comedy,1	
❄️_Emeli_Sandé_❄️,2013memories,1	
Amber_.,worldstar,1	
MVP,2013taughtme,1	
karly,2013memories,1	
Rose_❤️,2013follow,1	
Jovi_the_elf.,peoplewhomademy2013,1	
Leroy_Jenkins,mcm,1	
ابراهيم_علي,worldstar,1	
Cassandra_(:,oomf,1	
superCAM_#1,worldstar,1	
velma.,worldstar,1	
Belaire.,worldstar,1	
Damiani,comedy,1	
Hebion,lol,1	
Hebion,worldstar,1	
Ronald,stopmexicangirls2013,1	
Andrew,2013memories,1	
*_〽️iles_La_Flame_*,worldstar,1	
Mitch_Costales_⚡,peoplewhomademy2013,1	
Teri0,2013memories,1	
ॐ,lol,1	
Bella✨,shortgirlproblems,1	
Tamera_Warrington,oomf,1	
☤calum_hood☤,followmejai,4	
Snow_White_❄️,2013memories,1	
Donkey_Fart_Face,newyearsmegamix,1	
kay_marie_♡,2013memories,1	
Virgoツ,mcm,1	
alien_madrigal,stopmexicangirls2013,1	
Sniper_Jones,oomf,1	
Betty_BezA,2013memories,1	
Julia_Reese,mcm,1	
JVROL,worldstar,1	
.,newyearsmegamix,1	
KayVe∞,turnup,1	
caroline,peoplewhomademy2013,1	
〰Joəy〰,2013memories,1	
CaptainMorgan✌,mcm,1	
TrapPVPI,peoplewhomademy2013,1	
johnathan_toledo,worldstar,1	
Venom_♏,worldstar,1	
Food_Stampes,worldstar,1	
BE_MY_1/5,newyearsmegamix,5	
Amanda_Ludwig,happynewyear,1	
✩James/Jai_pls_ily✩,followmejai,1	
Matilde,newyearsmegamix,1	
salvatore,2013follow,2	
salvatore,newyearsmegamix,1	
Juanita_♡,happynewyear,1	
Maria_Perez,worldstar,1	
✨_Rosanna_✨,peoplewhomademy2013,1	
Abagail.,oomf,1	
Dileek,lol,1	
Jessica_Nettinga_!?!,shortgirlproblems,1	
Madi_Wilkerson,mcm,1	
Agapeo.,mcm,1	
R.I.P._Momma_..,worldstar,1	
bella,stopmexicangirls2013,1	
Shatara_Brown,worldstar,1	
FOLLOW_ME_JUSTIN,2013memories,1	
Drea.,stopmexicangirls2013,1	
Farha...(Rhea),shortgirlproblems,1	
Maia_Gibson,2013memories,1	
Handsome_McGee,worldstar,1	
☆_izzy_☆,newyearsmegamix,1	
☯Jan._8th_ya_fuck☯,peoplewhomademy2013,1	
MiMi❤,mcm,1	
Andrea_❤,stopmexicangirls2013,1	
panacci,2013memories,1	
Makayla✨,mcm,1	
Jeuice-CleWest,worldstar,1	
Kory_Thomas,peoplewhomademy2013,1	
Bob_Marley,2013taughtme,1	
Anastasia_Mur,happynewyear,1	
Sammy_Love,turnup,1	
Julia_Gaydos,peoplewhomademy2013,1	
jackie.,peoplewhomademy2013,1	
Shea,2013memories,1	
chance_newton,oomf,1	
Zen_Üü,himala,1	
Zen_Üü,rare,1	
her.♊️,2k13memories,1	
MalcolmMcGruder,worldstar,1	
❤️Follow_Me_Beau❤️,2013follow,1	
kaileyraegarcia,happynewyear,1	
Jamesss.️,lol,1	
Jamesss.️,worldstar,1	
kycièkielty,happynewyear,1	
marty_✿,turnup,1	
Sydeezy,2013memories,1	
✌DANIEL!,happynewyear,1	
H➰GH_HEFNER,2k13memories,1	
Kaitlyn_Meyer,shortgirlproblems,1	
Key,turnup,1	
Haley_Shibe,2013taughtme,1	
R.,mcm,1	
Thugggy_ℋ,mcm,1	
Lena,oomf,1	
Keezus⚾️,2013taughtme,1	
Gotcha_Mad,worldstar,1	
Nicole_♕,mcm,1	
Chris_Flores,happynewyear,1	
Kay,2013memories,1	
Nicole_Raygoza✨,shortgirlproblems,1	
angel.,2k13memories,1	
..__ⓙⓐⓨ_,lol,1	
Jan._5th_✨☺,2013memories,1	
Ⓜ️ROSE,2k13memories,1	
Maz_Please?,followmejai,4	
Hannah_Maben,2013follow,1	
meechie?❤️,oomf,1	
☞PLEASE_BEAU,2013follow,1	
☞TWEET_LIMIT,followmejai,1	
Nicole_Gurley,happynewyear,1	
ひ_Will_ひ,2013memories,1	
CrazyForMota,bethanymotagiveaway,1	
jordan_johnson,mcm,1	
Michaela_✌,turnup,1	
Lindsay_Miller,2013memories,1	
DANIKAlovesKathNiel,himala,1	
DANIKAlovesKathNiel,rare,1	
✌,mcm,1	
.,shortgirlproblems,1	
*justin_follows*,followmejai,6	
Arlee,happynewyear,1	
mike_hawk,turnup,1	
Sonya_Ann,2013memories,1	
Miranda_Brown,lol,1	
Miranda_Brown,worldstar,1	
clumsy,2013memories,1	
Tayler_Paradiso,turnup,1	
GummyBear:*,himala,1	
GummyBear:*,rare,1	
cams_♥†,himala,1	
cams_♥†,rare,1	
suMMer,2013memories,1	
alekvuj,2013taughtme,1	
JJ,oomf,1	
凯拉,worldstar,1	
♛Kim❉,peoplewhomademy2013,1	
ronda.,worldstar,1	
Jomaesia(Ghana_babe),oomf,1	
Aubree_Saunders._♡,2013memories,1	
xochitl,bethanymotagiveaway,1	
follow_me_jai_plz__♛,followmejai,1	
#122711,worldstar,1	
CamCvm$,2k13memories,1	
kae.,comedy,1	
Blaaanche,himala,1	
Blaaanche,rare,1	
Snob.,2013memories,1	
emmy,2013memories,1	
Jorgeee.,peoplewhomademy2013,1	
Nicole,shortgirlproblems,1	
Queen_Lala_✨,peoplewhomademy2013,1	
That_Nigga_Benny,2013memories,1	
Macey_White_⚾️,2013taughtme,1	
gris's_baee_♥,oomf,1	
$moking_Beauty~,worldstar,1	
ambeeeeer,peoplewhomademy2013,1	
ⓜⓐⓣⓣⓘⓔ___ⓟⓔⓐⓡⓒⓗ,peoplewhomademy2013,1	
Nena_Sopher,shortgirlproblems,1	
Ku'Ku,2013memories,1	
,lol,1	
,worldstar,1	
J_is_for_Jaida.,lol,1	
isabel_♡,peoplewhomademy2013,1	
A$AP_Jocky,worldstar,1	
ale.,2013memories,1	
Bossing_♥_Kumander,himala,1	
Bossing_♥_Kumander,rare,1	
Christine_▲,himala,1	
Christine_▲,rare,1	
♡,mcm,1	
KC,worldstar,1	
Destinè,oomf,1	
Lindsey_Yeargin,mcm,1	
Lauren_❤️,mcm,1	
Young_Hova✨,mcm,1	
✨_Kunta_Kinte_✨,turnup,1	
ᗰᑕƘƎИИᗩ___ᎠᗩИᎥƎℓℓƎ,2013memories,2	
Breezy,peoplewhomademy2013,1	
Jourdan_Fulchino,shortgirlproblems,1	
T.,2k13memories,1	
alllliiee_∞,mcm,1	
CarolinaBlueKicks.,worldstar,1	
SICKEST_CUNT,2013follow,1	
WÂŹŻÏFŪÇK!,2013memories,1	
Kristin_Mann,mcm,1	
Genice,2k13memories,1	
aaliyahhardison✨,worldstar,1	
Montana,shortgirlproblems,1	
melissa_∞,stopmexicangirls2013,1	
Angelina_Ruby,followmejai,1	
Pam_Lepiz,lol,1	
Isaaツ,stopmexicangirls2013,1	
Devin&Mia,turnup,1	
Be_My_Tobias,peoplewhomademy2013,1	
BT,happynewyear,1	
WelfareBaller™,lol,1	
#bethanymotagiveaway,bethanymotagiveaway,3	
Paigeee.,stopmexicangirls2013,1	
Kailee,shortgirlproblems,1	
Dana_Marie_Francesca,2013follow,1	
Brooke_✨,2013taughtme,1	
Jocey_Ballantine,mcm,1	
BEAU_BE_MY_2/5??,2013follow,1	
Eilidh_Thomson,lol,1	
♛Vamsi_Pisipati♛™,2013memories,1	
JAMES_FOLLOW_ME,newyearsmegamix,6	
Almighty_T,lol,1	
Almighty_T,worldstar,1	
TheReedCrosby™,oomf,1	
Emily_Kowalczyk,lol,1	
☯,happynewyear,1	
Paige_Wells,shortgirlproblems,1	
0/5_FOREVER.,newyearsmegamix,1	
Jesse_Bean,turnup,1	
january_16._♑,2013memories,1	
Elyca_Mendoza,happynewyear,1	
Addi_Sager,shortgirlproblems,1	
Bryan_R,peoplewhomademy2013,1	
REESE♎️❗️,2013memories,1	
darlenee☃.,peoplewhomademy2013,1	
Vi,turnup,1	
Adinda_Haya_Shafira,happynewyear,1	
Obum_J_Egolum,2013memories,1	
Mareos_Quidez,happynewyear,1	
nicole_||_267✌️,peoplewhomademy2013,1	
michael.,2013taughtme,1	
Lauren_Martinez,shortgirlproblems,1	
ILY_HARRY,peoplewhomademy2013,1	
Daddy_Alex_☁️,2013memories,1	
February_20th♓️,lol,1	
February_20th♓️,worldstar,1	
lanesha_may._❤,oomf,1	
laineybug,stopmexicangirls2013,1	
grammar_police,2013taughtme,1	
Krizzia(:,oomf,1	
Farid.__(_͡_°_͜ʖ_͡°),turnup,1	
Martin_Castillo,mcm,1	
♡_Dessie_♡,worldstar,1	
Safo.,happynewyear,1	
Queen,turnup,1	
ʝ_α_ѕ_м_ι_и_є,2013taughtme,1	
Columba_Peru,shortgirlproblems,1	
Tra_la_la_la,newyearsmegamix,1	
Shaolin_Aviator,turnup,1	
Kid_Beaner,shortgirlproblems,1	
XZayvier,peoplewhomademy2013,1	
Alex_Da_Silva❗,mcm,1	
luke/jai_FollowMeee♡,followmejai,6	
Jocy,happynewyear,1	
A_i_l_e_e_e_n,peoplewhomademy2013,1	
Paigelyn_Moore,2013memories,1	
⚓️Marisa_Brittany⚓️,oomf,1	
Evelyn♥,worldstar,1	
Chad.,worldstar,1	
★Q._Beasley★,worldstar,1	
Ruthie,himala,1	
Ruthie,rare,1	
Alysse,2013memories,1	
Dasia,2013memories,1	
•_T_•,oomf,1	
40ith_Zion,worldstar,1	
Christelle.✝,comedy,1	
Akshar_Gohil,peoplewhomademy2013,1	
3|31_♈,2013memories,1	
,stopmexicangirls2013,1	
Bailey♔_‏,2013memories,1	
Yenisel_❁,oomf,1	
Jahnessa_Morris_❥,mcm,1	
,worldstar,1	
Camar's_Stripper_♥,shortgirlproblems,1	
Derek,oomf,1	
Melissa_Mespelli,happynewyear,1	
KING,2013memories,1	
Lori❤️,lol,1	
Lori❤️,worldstar,1	
Sophie_Keenxx,followmejai,1	
Karmoney_✊,worldstar,1	
dasiaaaa,2013memories,1	
Vanessa_Guzman,oomf,1	
Rachel_Botrugno,shortgirlproblems,1	
Alexis_B,2k13memories,1	
Nat,turnup,1	
RestEasyJohn_❤️,2013memories,1	
M_O_N_E_T_♥️,2k13memories,1	
Kaitlyn_Schneider,shortgirlproblems,1	
Brayan_J_Portillo,2013memories,1	
Tori_Glisson,shortgirlproblems,1	
Megan,happynewyear,1	
♈️Shelby_Dao✨,mcm,1	
HARROYO238,stopmexicangirls2013,1	
Bill_Cosby,mcm,1	
Abdiel_Cepeda_,happynewyear,1	
Riannnnnn,lol,1	
Riannnnnn,worldstar,1	
Coollin,2013taughtme,1	
david,comedy,1	
Mr._What_Zit_Tooya,oomf,1	
Sydney_Tymula,2013memories,1	
princess_olivia✨,peoplewhomademy2013,1	
Nancy_Flores,shortgirlproblems,1	
IamLeandre,lol,1	
IamLeandre,worldstar,1	
jαу_тєαмєя,2013taughtme,1	
jojo,comedy,1	
trvpunzel,worldstar,1	
ky,2013memories,1	
ℰოოɑ-ℓⅇⅇ_ჩø℘ⅇ_❤,shortgirlproblems,1	
Lauren,bethanymotagiveaway,1	
7_days_left_✨,worldstar,1	
❁_Daniela_❁,mcm,1	
it's_Ben_a_Pledger,mcm,1	
❗Breanna❗,lol,1	
❗Breanna❗,worldstar,1	
FlavorFaiiiiii,2k13memories,1	
Jenifer_,oomf,1	
Worst_Behavior,worldstar,1	
✨Jazzy✨,2013memories,1	
✨Jazzy✨,peoplewhomademy2013,1	
