2,feel,Rich,1	
2,feel,phucking,1	
2K13,feel,KOREA,3	
2VuDvXK5Kq,feel,free,1	
5879909401,feel,free,1	
70k,feel,me,1	
A,feel,stupid,1	
AGAD,feel,ANG,1	
ALL,feel,BETTER,1	
ALLLLMMOST,feel,LIKE,1	
AND,feel,HIS,1	
AND,feel,SAD,1	
ANYONE,feel,MY,1	
AZEALIABANKS,feel,we,1	
Actually,feel,bad,1	
Actually,feel,good,1	
Actually,feel,like,2	
Africans,feel,confident,1	
Ahead,feel,Free,1	
AliceHinds,feel,free,1	
Alvin_Jordan,feel,bad,1	
Always,feel,Good,1	
Always,feel,On,1	
Always,feel,good,1	
Always,feel,like,6	
Always,feel,so,3	
Always,feel,sorry,1	
Americans,feel,the,1	
And,feel,it,1	
And,feel,the,1	
And,feel,what,1	
Anybody,feel,free,1	
Anyone,feel,free,7	
Anyone,feel,like,3	
Ari,feel,better,1	
Ass,feel,Good,1	
Auntie,feel,my,1	
AustinMahone,feel,the,1	
Awh,feel,better,1	
BITCH,feel,LIKE,1	
BRMC,feel,it,1	
BUT,feel,FREE,1	
BePlk,feel,sorry,1	
Bed,feel,so,1	
Better,feel,lucky,2	
BismaTariq,feel,so,1	
Bitch,feel,Like,1	
Bitches,feel,some,1	
Breezy_Paradise,feel,better,1	
Brendon,feel,inadequate,1	
Britons,feel,pressured,1	
But,feel,free,2	
CAN,feel,IT,2	
CAN,feel,MY,1	
CAN,feel,THE,2	
CANT,feel,MY,3	
CHRISTMAS,feel,weird,1	
CONFIRM,feel,XMASSY,1	
Can,feel,It,3	
Can,feel,The,2	
Can,feel,it,1	
Cannot,feel,like,1	
Cant,feel,the,1	
Capricorn,feel,that,2	
Christmas,feel,like,1	
Christmas,feel,non,1	
Christmas,feel,off,1	
Christmas,feel,so,1	
Christmas,feel,sooo,1	
Christmas,feel,weird,2	
CoffeeJellyyyy,feel,ko,1	
Consulting,feel,harmonious,1	
Could,feel,the,1	
Could,feel,this,1	
Crazy,feel,Like,1	
Cricketers,feel,Depressed,1	
Cricketers,feel,depressed,1	
D,feel,ko,1	
D,feel,proud,1	
DOES,feel,like,1	
DOESNT,feel,LIKE,2	
DONT,feel,GOOD,1	
DONT,feel,LIKE,1	
DONT,feel,THE,1	
DONT,feel,WELL,1	
DONT,feel,like,2	
DOSENT,feel,LIKE,1	
DSullivanjr,feel,free,1	
DaisyValdovinos,feel,better,1	
DeepSouthProud,feel,better,1	
Dnt,feel,Like,1	
Dnt,feel,like,1	
Doesnt,feel,like,6	
Dom,feel,stupid,1	
Dont,feel,Like,3	
Dont,feel,christmassy,1	
Dont,feel,dirty,1	
Dont,feel,good,2	
Dont,feel,like,8	
Dont,feel,sad,1	
Dontt,feel,the,1	
Dosent,feel,like,1	
Dr_Richiez,feel,me,1	
Dylan,feel,the,1	
EVEN,feel,LIKE,6	
EVER,feel,ALONE,1	
EVER,feel,EMPTINESS,1	
EVER,feel,LIKE,1	
EVER,feel,like,3	
EX,feel,USELESSAND,1	
Eeen,feel,Lyk,1	
Electric,feel,is,1	
Eletric,feel,do,1	
EmmRosss,feel,better,1	
Er,feel,Some,1	
Escucho,feel,so,1	
Eva,feel,wen,1	
Even,feel,It,1	
Even,feel,Like,7	
Even,feel,like,1	
Ever,feel,Better,1	
Ever,feel,Like,2	
Ever,feel,No,1	
Ever,feel,Stupid,1	
Ever,feel,like,11	
Ever,feel,your,1	
Everyone,feel,free,1	
ExoticFaker,feel,it,1	
FEEL,feel,FEEL,3	
FUCKIN,feel,YOU,1	
Feet,feel,like,1	
Finally,feel,christmassy,1	
Floydier,feel,get,1	
Fs,feel,so,1	
Fuckin,feel,like,1	
Fucking,feel,like,1	
FujiDamoo,feel,as,1	
GIRLS,feel,BAD,3	
GLAAD,feel,better,1	
Genuinely,feel,like,1	
Genuinely,feel,sh,1	
GirlyGirlDOTcom,feel,free,1	
Gonna,feel,Christmassy,1	
Gonna,feel,The,1	
Gonna,feel,good,2	
Gonna,feel,weak,1	
Gotta,feel,Sorry,1	
Gotta,feel,for,1	
Great,feel,good,1	
HE,feel,CAUSE,1	
HKibbs,feel,better,1	
HONESTLY,feel,THIS,1	
Haaaaaa,feel,so,1	
Haha,feel,as,1	
Hahaha,feel,sly,1	
HiI,feel,better,1	
Hickies,feel,Gud,1	
Hickies,feel,amazing,1	
Him,feel,LonelY,1	
Honestly,feel,bad,2	
Honestly,feel,like,2	
I,feel,10x,1	
I,feel,2014,1	
I,feel,90,1	
I,feel,99,3	
I,feel,A,2	
I,feel,ABOUT,3	
I,feel,ALIVEEEE,1	
I,feel,About,3	
I,feel,After,1	
I,feel,Alive,2	
I,feel,Alonee,1	
I,feel,Am,1	
I,feel,Anymore,1	
I,feel,Arvind,1	
I,feel,BAD,2	
I,feel,BETRAYED,1	
I,feel,Bad,2	
I,feel,Beautiful,1	
I,feel,Betrayed,1	
I,feel,Brandy,1	
I,feel,COMPLETELY,1	
I,feel,Christmas,1	
I,feel,Christmassy,1	
I,feel,Church,1	
I,feel,Comfortable,1	
I,feel,Cuz,1	
I,feel,DISRESPECTED,9	
I,feel,DIZZY,1	
I,feel,DUMB,1	
I,feel,DW,1	
I,feel,Dum,1	
I,feel,Dumb,1	
I,feel,FREE,1	
I,feel,FREEDOM,1	
I,feel,FaceTiming,1	
I,feel,Fantastic,1	
I,feel,Fat,1	
I,feel,Fine,1	
I,feel,For,1	
I,feel,GRATEFUL,1	
I,feel,GREATTTTTTTTTT,1	
I,feel,God,1	
I,feel,HAPPY,1	
I,feel,Hella,1	
I,feel,Hurst,1	
I,feel,I,34	
I,feel,IT,2	
I,feel,If,1	
I,feel,InLove,1	
I,feel,Inlove,1	
I,feel,Is,1	
I,feel,It,4	
I,feel,LEFT,1	
I,feel,LIKE,29	
I,feel,LOST,1	
I,feel,LUCKY,2	
I,feel,Lik,1	
I,feel,Like,13	
I,feel,Live,1	
I,feel,Love,1	
I,feel,MY,3	
I,feel,My,2	
I,feel,Nothing,1	
I,feel,OMG,1	
I,feel,Obliged,7	
I,feel,Old,1	
I,feel,Peeta,1	
I,feel,Pretty,1	
I,feel,RN,2	
I,feel,Ratchet,1	
I,feel,Right,1	
I,feel,Rihanna,1	
I,feel,SHE,1	
I,feel,SICK,4	
I,feel,SO,23	
I,feel,SORRY,1	
I,feel,SUPER,1	
I,feel,SUSPICIOUS,1	
I,feel,Shit,1	
I,feel,Sick,3	
I,feel,Single,1	
I,feel,So,4	
I,feel,Soo,1	
I,feel,Sorry,1	
I,feel,THE,3	
I,feel,This,1	
I,feel,Tomorrow,1	
I,feel,Traval,1	
I,feel,U,3	
I,feel,UnWanted,1	
I,feel,VIOLENTLY,1	
I,feel,WIDE,1	
I,feel,Way,2	
I,feel,YA,2	
I,feel,YAAAAA,1	
I,feel,YOU,12	
I,feel,YOUU,1	
I,feel,You,3	
I,feel,a,37	
I,feel,ab,1	
I,feel,abit,1	
I,feel,about,176	
I,feel,aboutcha,1	
I,feel,absolutely,3	
I,feel,abstract,1	
I,feel,accomplished,2	
I,feel,ad,1	
I,feel,after,5	
I,feel,again,1	
I,feel,alienated,1	
I,feel,alive,8	
I,feel,all,5	
I,feel,alone,6	
I,feel,alright,1	
I,feel,amazing,4	
I,feel,ancient,1	
I,feel,and,7	
I,feel,annoying,2	
I,feel,another,3	
I,feel,anxious,1	
I,feel,anymore,3	
I,feel,around,1	
I,feel,as,32	
I,feel,ashamed,2	
I,feel,asleep,4	
I,feel,at,3	
I,feel,awesome,4	
I,feel,awful,7	
I,feel,awkward,19	
I,feel,babyy,1	
I,feel,back,1	
I,feel,bad,201	
I,feel,badass,1	
I,feel,bald,1	
I,feel,because,3	
I,feel,before,1	
I,feel,better,33	
I,feel,black,1	
I,feel,blessed,6	
I,feel,boring,2	
I,feel,bout,3	
I,feel,bro,1	
I,feel,broke,3	
I,feel,btwn,3	
I,feel,but,3	
I,feel,butterflies,1	
I,feel,cause,1	
I,feel,christmas,1	
I,feel,cl,1	
I,feel,closer,1	
I,feel,clueless,1	
I,feel,cold,2	
I,feel,comfortable,2	
I,feel,compelet,1	
I,feel,compelled,1	
I,feel,complete,3	
I,feel,completely,3	
I,feel,conflicted,1	
I,feel,cool,2	
I,feel,crazy,1	
I,feel,creepy,1	
I,feel,crushing,1	
I,feel,cute,2	
I,feel,dead,10	
I,feel,decent,1	
I,feel,defeated,1	
I,feel,destroyed,1	
I,feel,determined,1	
I,feel,dirty,1	
I,feel,disgusted,1	
I,feel,disgusting,4	
I,feel,disgustingly,1	
I,feel,disrespected,3	
I,feel,dizzy,3	
I,feel,do,1	
I,feel,doing,1	
I,feel,down,3	
I,feel,drunk,2	
I,feel,dumb,6	
I,feel,during,1	
I,feel,em,1	
I,feel,embarrassed,2	
I,feel,emotional,1	
I,feel,emptiness,1	
I,feel,empty,3	
I,feel,enlightened,1	
I,feel,even,5	
I,feel,every,6	
I,feel,everyday,2	
I,feel,everything,3	
I,feel,ew,1	
I,feel,exactly,1	
I,feel,exceptionally,1	
I,feel,excited,1	
I,feel,exhausted,1	
I,feel,extra,2	
I,feel,extremely,2	
I,feel,fabulous,1	
I,feel,fantastic,1	
I,feel,fat,8	
I,feel,fine,9	
I,feel,fireworks,1	
I,feel,for,45	
I,feel,free,4	
I,feel,freedom,1	
I,feel,freeee,1	
I,feel,fresh,2	
I,feel,from,1	
I,feel,fucking,3	
I,feel,full,1	
I,feel,gayer,1	
I,feel,generous,1	
I,feel,giddy,1	
I,feel,girl,1	
I,feel,going,1	
I,feel,good,16	
I,feel,goooddd,1	
I,feel,great,13	
I,feel,greedy,1	
I,feel,gross,5	
I,feel,guilt,1	
I,feel,guilty,6	
I,feel,h,1	
I,feel,half,1	
I,feel,happy,6	
I,feel,having,1	
I,feel,he,2	
I,feel,her,3	
I,feel,high,1	
I,feel,him,1	
I,feel,his,1	
I,feel,homesick,1	
I,feel,honored,2	
I,feel,hopeless,1	
I,feel,horrible,17	
I,feel,hot,2	
I,feel,how,1	
I,feel,http,8	
I,feel,hungover,1	
I,feel,hurted,1	
I,feel,icky,1	
I,feel,if,3	
I,feel,ignored,1	
I,feel,ill,3	
I,feel,immortal,1	
I,feel,important,1	
I,feel,in,10	
I,feel,incomplete,1	
I,feel,inlove,1	
I,feel,insane,1	
I,feel,insecure,1	
I,feel,inside,5	
I,feel,insideAnd,1	
I,feel,inspired,2	
I,feel,intelligent,1	
I,feel,intimidatedly,1	
I,feel,is,8	
I,feel,it,102	
I,feel,its,2	
I,feel,jubilant,1	
I,feel,just,8	
I,feel,kinda,7	
I,feel,lazier,8	
I,feel,lbvs,1	
I,feel,left,6	
I,feel,less,3	
I,feel,life,1	
I,feel,like,2030	
I,feel,likee,1	
I,feel,likes,1	
I,feel,liverpool,1	
I,feel,living,1	
I,feel,lol,2	
I,feel,lonely,5	
I,feel,looking,1	
I,feel,lost,7	
I,feel,love,1	
I,feel,loved,6	
I,feel,low,1	
I,feel,loyal,1	
I,feel,lucky,5	
I,feel,lyk,2	
I,feel,mad,1	
I,feel,majorly,1	
I,feel,makes,1	
I,feel,man,1	
I,feel,me,2	
I,feel,mentally,1	
I,feel,miserable,1	
I,feel,missing,1	
I,feel,more,23	
I,feel,most,1	
I,feel,much,2	
I,feel,my,14	
I,feel,myself,5	
I,feel,naked,4	
I,feel,nasty,1	
I,feel,naughty,1	
I,feel,nauseous,2	
I,feel,necessary,1	
I,feel,needs,1	
I,feel,neglected,1	
I,feel,next,1	
I,feel,nice,3	
I,feel,no,9	
I,feel,normal,2	
I,feel,not,3	
I,feel,nothing,6	
I,feel,now,5	
I,feel,numb,3	
I,feel,obligated,3	
I,feel,obliged,1	
I,feel,offended,1	
I,feel,ok,1	
I,feel,okay,2	
I,feel,old,9	
I,feel,olllllllllllldddddddddddd,1	
I,feel,on,4	
I,feel,one,1	
I,feel,or,2	
I,feel,our,1	
I,feel,out,2	
I,feel,outrage,1	
I,feel,pain,6	
I,feel,painnn,1	
I,feel,part,1	
I,feel,pathetic,1	
I,feel,patriotic,1	
I,feel,people,1	
I,feel,perfect,2	
I,feel,perfectly,1	
I,feel,phsyco,1	
I,feel,pity,1	
I,feel,played,1	
I,feel,poppinnnnnn,1	
I,feel,ppl,1	
I,feel,prepared,1	
I,feel,pretty,16	
I,feel,proud,2	
I,feel,psychotic,1	
I,feel,quite,1	
I,feel,radioactive,1	
I,feel,rather,2	
I,feel,re,1	
I,feel,read,1	
I,feel,really,47	
I,feel,refreshed,1	
I,feel,relieved,1	
I,feel,relived,1	
I,feel,represent,1	
I,feel,restless,1	
I,feel,right,36	
I,feel,rite,3	
I,feel,rn,8	
I,feel,rough,1	
I,feel,ryt,1	
I,feel,sad,8	
I,feel,sadI,1	
I,feel,safe,5	
I,feel,safer,1	
I,feel,same,1	
I,feel,saved,1	
I,feel,selfish,2	
I,feel,sexy,1	
I,feel,shaky,1	
I,feel,shaving,1	
I,feel,shit,2	
I,feel,shitty,1	
I,feel,should,1	
I,feel,sick,53	
I,feel,sleepy,1	
I,feel,slightly,1	
I,feel,slow,1	
I,feel,smart,1	
I,feel,so,445	
I,feel,some,15	
I,feel,somethin,1	
I,feel,something,10	
I,feel,soo,5	
I,feel,sooo,4	
I,feel,soooo,3	
I,feel,sooooo,1	
I,feel,sorry,64	
I,feel,special,18	
I,feel,spoiled,1	
I,feel,stranded,1	
I,feel,strange,1	
I,feel,stuffed,1	
I,feel,stupid,32	
I,feel,subtweeted,1	
I,feel,successful,1	
I,feel,suh,1	
I,feel,super,3	
I,feel,sympathy,1	
I,feel,taken,1	
I,feel,talking,1	
I,feel,teen,1	
I,feel,terrible,10	
I,feel,that,33	
I,feel,the,108	
I,feel,their,1	
I,feel,them,1	
I,feel,then,2	
I,feel,there,2	
I,feel,these,3	
I,feel,they,3	
I,feel,this,18	
I,feel,tired,3	
I,feel,to,5	
I,feel,today,6	
I,feel,too,2	
I,feel,totally,2	
I,feel,towards,4	
I,feel,twice,1	
I,feel,type,1	
I,feel,u,25	
I,feel,ugly,4	
I,feel,uncomfortable,8	
I,feel,until,1	
I,feel,unwanted,5	
I,feel,unwell,1	
I,feel,upset,1	
I,feel,ur,3	
I,feel,used,1	
I,feel,very,12	
I,feel,vile,1	
I,feel,violated,3	
I,feel,wan,1	
I,feel,wanna,1	
I,feel,warm,1	
I,feel,way,1	
I,feel,wayyyy,1	
I,feel,we,1	
I,feel,weak,5	
I,feel,wearing,1	
I,feel,weird,20	
I,feel,well,1	
I,feel,were,1	
I,feel,what,1	
I,feel,when,29	
I,feel,whenever,1	
I,feel,where,2	
I,feel,winded,1	
I,feel,with,3	
I,feel,within,1	
I,feel,without,2	
I,feel,working,1	
I,feel,worthless,1	
I,feel,y,3	
I,feel,ya,51	
I,feel,yah,3	
I,feel,yea,1	
I,feel,you,171	
I,feel,youCause,1	
I,feel,your,37	
I,feel,youu,1	
I,feel,youuuuuu,1	
I,feel,youuuuuuuuuu,1	
I,feel,yu,1	
I,feel,yucky,2	
ICANT,feel,MY,1	
IKarsche,feel,sooooo,1	
IT,feel,LIKE,8	
IT,feel,RUINING,1	
IT,feel,SO,1	
IT,feel,TO,2	
If,feel,like,1	
Ii,feel,soo,1	
Im,feel,like,1	
Im_RobJay,feel,Better,1	
Ima,feel,bad,1	
Indy,feel,extra,1	
Ion,feel,Good,1	
Ion,feel,Like,1	
Ion,feel,The,1	
Ion,feel,comfortable,1	
Ion,feel,good,4	
Ion,feel,it,1	
Ion,feel,like,7	
Ion,feel,shit,1	
Ion,feel,the,1	
Iont,feel,Likee,1	
Iont,feel,like,1	
Islamics,feel,the,1	
It,feel,Bomb,1	
It,feel,Good,2	
It,feel,Like,6	
It,feel,decent,1	
It,feel,good,8	
It,feel,great,1	
It,feel,is,1	
It,feel,late,1	
It,feel,later,1	
It,feel,like,11	
It,feel,likes,1	
It,feel,nice,1	
It,feel,so,6	
It,feel,soo,1	
It,feel,to,1	
It,feel,too,2	
It,feel,wayyy,1	
Its,feel,good,1	
JJONG,feel,NEEDED,1	
JOSHFLIP1989,feel,like,1	
JUST,feel,3,1	
JUST,feel,THAT,1	
Ja,feel,http,6	
Jake_Ramsey_,feel,sorry,1	
Jesus,feel,so,1	
Julie,feel,almost,1	
JulienMevs,feel,the,1	
Just,feel,2014,1	
Just,feel,like,6	
Just,feel,next,1	
Just,feel,silly,1	
Just,feel,some,1	
Just,feel,the,1	
Justin,feel,like,1	
Justissssss_,feel,me,1	
Kasi,feel,na,1	
Kinda,feel,like,3	
Kinda,feel,sadface,1	
LEAHPALACIO,feel,FREE,1	
LOOL,feel,free,1	
LY,feel,BETTER,1	
Lilfeeq,feel,better,1	
Literally,feel,Christmas,1	
Literally,feel,like,7	
Literally,feel,so,1	
Literly,feel,nothing,1	
LoveWe,feel,nothing,8	
Lowkey,feel,Like,1	
Lowkey,feel,like,1	
Lowkey,feel,stupid,1	
ME,feel,BAD,1	
ME,feel,BETTER,3	
ME,feel,CLOSE,1	
ME,feel,LIKE,4	
ME,feel,PROUD,1	
ME,feel,THINGS,45	
ME,feel,UNCOMFORTABLE,1	
ME,feel,http,1	
MEisJboy,feel,man,1	
Man,feel,He,1	
Many,feel,Agger,1	
MdotTRILL,feel,better,1	
Me,feel,Behind,1	
Me,feel,I,1	
Me,feel,So,1	
Me,feel,Special,1	
Me,feel,Unwanted,1	
Me,feel,some,1	
Mel,feel,the,1	
MelanieLBBH,feel,better,1	
Mf,feel,Hit,1	
Mfs,feel,like,1	
Might,feel,Good,1	
MileyCyrus,feel,better,1	
Mr,feel,wosre,1	
Music,feel,Better,1	
Must,feel,good,1	
Must,feel,really,1	
MyniqueSmith,feel,some,1	
NAKA,feel,NA,1	
NOT,feel,ANYTHING,1	
NOT,feel,LIKE,2	
NOT,feel,like,27	
NP,feel,this,1	
NVER,feel,Like,1	
NathanMilch,feel,better,1	
Never,feel,100,1	
Never,feel,Good,2	
Never,feel,appreciated,1	
Never,feel,lonely,1	
Never,feel,proud,1	
Never,feel,some,1	
Never,feel,too,1	
NickPang1,feel,v,1	
Nigga,feel,like,1	
Niggas,feel,Me,1	
Niggas,feel,me,1	
NikkiBellababe,feel,better,1	
No,feel,for,1	
Nobody,feel,like,1	
Not,feel,Like,1	
Now,feel,shit,1	
Ohjeyson_,feel,better,1	
Okkie,feel,better,1	
PEOPLE,feel,THE,1	
PO,feel,NA,1	
PROBLEM,feel,FREE,1	
Past,feel,Days,1	
Penuh,feel,Achey,1	
People,feel,some,1	
Please,feel,free,4	
Profits,feel,motivating,1	
Prolly,feel,Asleep,1	
Promoter,feel,graceful,1	
Q_Smith100,feel,like,1	
REALLY,feel,LIKE,1	
Really,feel,Like,1	
Really,feel,for,2	
Really,feel,like,3	
Rogersssss,feel,you,1	
RuzannaNatalia,feel,better,1	
SHOULD,feel,LOVED,1	
SO,feel,FREE,1	
SOMEONE,feel,THE,1	
Seriously,feel,like,1	
Shay_Michaels,feel,so,1	
She,feel,Like,1	
She,feel,in,1	
Shelvey,feel,better,1	
So,feel,free,1	
Someone,feel,free,1	
Sorta,feel,like,1	
Statto_74,feel,free,1	
Still,feel,Dizzy,1	
Still,feel,Weak,1	
Still,feel,a,1	
Still,feel,drunk,1	
Still,feel,grim,1	
Still,feel,like,2	
Still,feel,slightly,1	
Still,feel,so,1	
Still,feel,terrible,1	
Stomic,feel,funny,1	
Strangers,feel,free,2	
Sundays,feel,good,1	
Sundays,feel,much,1	
T,feel,LIKE,3	
T,feel,LOVED,1	
T,feel,RIGHT,1	
T,feel,THE,2	
THEM,feel,WANTED,1	
TO,feel,A,1	
TO,feel,ABOUT,2	
TO,feel,IT,1	
TO,feel,LIKE,1	
TO,feel,TO,1	
TO,feel,TOO,1	
TO,feel,USEFUL,1	
TONIGHT,feel,THE,1	
TRUELY,feel,sorry,1	
Taylor_Stuhr,feel,better,1	
That,feel,when,4	
The,feel,like,1	
They,feel,cheated,1	
They,feel,every,1	
They,feel,guilty,1	
They,feel,if,2	
They,feel,sorry,1	
They,feel,stupid,5	
To,feel,Alive,1	
To,feel,At,1	
To,feel,Better,2	
To,feel,Everything,1	
To,feel,Loved,1	
To,feel,My,1	
To,feel,No,1	
To,feel,Nothing,1	
To,feel,On,1	
To,feel,Some,2	
To,feel,Special,1	
To,feel,Useful,1	
To,feel,fully,1	
To,feel,what,1	
Today,feel,like,1	
Tomcat,feel,The,1	
Truly,feel,blessed,1	
Twitter,feel,like,1	
U,feel,Happier,1	
U,feel,Like,2	
U,feel,ME,3	
U,feel,Me,1	
U,feel,Some,1	
U,feel,THIS,1	
U,feel,like,1	
U,feel,much,1	
U,feel,the,1	
Ugh,feel,sick,1	
Uh,feel,like,1	
VV,feel,all,1	
WANNA,feel,THIS,1	
WANT,feel,THE,1	
WE,feel,OLD,1	
WE,feel,ON,1	
WE,feel,THE,1	
WE,feel,TO,15	
WE,feel,U,1	
WanderingWalks,feel,like,1	
Wanna,feel,god,1	
Wanna,feel,important,1	
We,feel,each,1	
We,feel,for,1	
We,feel,free,1	
We,feel,like,1	
We,feel,nothing,1	
We,feel,the,1	
We,feel,very,1	
We,feel,your,1	
WhalenHaley,feel,better,1	
WhitesidesEdits,feel,better,1	
Who,feel,My,1	
Why,feel,sick,1	
Women,feel,a,2	
Wont,feel,a,1	
Woodbridge,feel,free,1	
YA,feel,ME,2	
YIANICYNN,feel,na,1	
YOU,feel,ABOUT,2	
YOU,feel,ALIVE,1	
YOU,feel,ALRIGHT,1	
YOU,feel,BETTER,3	
YOU,feel,BROKEN,1	
YOU,feel,LEFT,1	
YOU,feel,LIKE,1	
YOU,feel,ME,4	
YOU,feel,MIFFED,1	
YOU,feel,MY,3	
YOU,feel,REAL,1	
YOU,feel,SLIMY,1	
YOU,feel,THE,1	
YOU,feel,WANTED,1	
YOU,feel,about,1	
YU,feel,ME,1	
Ya,feel,Me,1	
Ya,feel,me,8	
Yet,feel,like,1	
YoU,feel,LiKe,1	
You,feel,A,2	
You,feel,About,1	
You,feel,Better,1	
You,feel,Feelings,1	
You,feel,It,1	
You,feel,Like,7	
You,feel,Me,1	
You,feel,My,7	
You,feel,Right,1	
You,feel,Some,1	
You,feel,The,1	
You,feel,bad,1	
You,feel,good,1	
You,feel,hollow,1	
You,feel,hopeless,1	
You,feel,huge,2	
You,feel,it,1	
You,feel,like,3	
You,feel,lost,4	
You,feel,low,1	
You,feel,me,4	
You,feel,most,44	
You,feel,on,1	
You,feel,proud,1	
You,feel,so,4	
You,feel,something,1	
You,feel,today,1	
Youll,feel,Alone,1	
Z,feel,like,1	
_AnimalBuddy_,feel,v,1	
_akaHaleyy,feel,better,1	
_balloutnuk,feel,me,1	
_gemmaharding,feel,like,1	
a,feel,good,8	
a,feel,of,1	
a,feel,tout,1	
abitbroken_uk,feel,better,1	
about,feel,better,1	
actually,feel,10x,1	
actually,feel,about,1	
actually,feel,bad,4	
actually,feel,it,5	
actually,feel,like,15	
actually,feel,my,1	
actually,feel,okay,1	
actually,feel,really,1	
actually,feel,rested,1	
actually,feel,safer,1	
actually,feel,sick,2	
actually,feel,so,2	
actually,feel,some,1	
actually,feel,somewhat,1	
actually,feel,sorry,1	
actually,feel,the,19	
actually,feel,to,1	
actually,feel,wors,1	
ada,feel,sama,1	
ah,feel,free,1	
air,feel,SOOOO,1	
alive,feel,like,1	
all,feel,a,1	
all,feel,bad,1	
all,feel,better,2	
all,feel,it,1	
all,feel,me,1	
all,feel,right,1	
all,feel,the,3	
all,feel,this,1	
all,feel,when,2	
allready,feel,my,1	
almost,feel,I,1	
almost,feel,ashamed,2	
almost,feel,bad,1	
almost,feel,insecure,1	
almost,feel,like,12	
almost,feel,off,1	
almost,feel,sorry,2	
almost,feel,the,1	
almost,feel,your,1	
already,feel,I,1	
already,feel,better,1	
already,feel,it,4	
already,feel,like,5	
already,feel,lost,1	
already,feel,over,1	
already,feel,so,1	
already,feel,that,1	
already,feel,the,2	
also,feel,a,1	
also,feel,accomplished,1	
also,feel,like,3	
also,feel,really,1	
also,feel,so,1	
also,feel,the,18	
also,feel,very,1	
alway,feel,the,1	
always,feel,alone,1	
always,feel,at,1	
always,feel,bad,1	
always,feel,big,1	
always,feel,cold,1	
always,feel,confused,1	
always,feel,cool,1	
always,feel,crummy,1	
always,feel,descent,1	
always,feel,festive,1	
always,feel,guilty,1	
always,feel,hit,1	
always,feel,it,1	
always,feel,jealous,2	
always,feel,just,1	
always,feel,left,2	
always,feel,like,30	
always,feel,lonely,1	
always,feel,loved,3	
always,feel,more,1	
always,feel,sleepy,2	
always,feel,so,14	
always,feel,sorry,2	
always,feel,tall,1	
always,feel,that,1	
always,feel,the,8	
always,feel,tired,1	
always,feel,uncomfortable,7	
always,feel,very,2	
amazing,feel,good,1	
amik,feel,nak,1	
amik,feel,tu,1	
amuro,feel,tour,1	
an,feel,sorry,1	
and,feel,Alive,1	
and,feel,a,1	
and,feel,all,3	
and,feel,alright,1	
and,feel,and,1	
and,feel,angry,4	
and,feel,bad,2	
and,feel,better,10	
and,feel,blessed,1	
and,feel,close,1	
and,feel,comfortable,1	
and,feel,complete,1	
and,feel,differently,1	
and,feel,even,1	
and,feel,fat,1	
and,feel,feel,1	
and,feel,for,1	
and,feel,free,1	
and,feel,fresh,1	
and,feel,good,4	
and,feel,gratitude,1	
and,feel,happy,1	
and,feel,healthier,1	
and,feel,his,2	
and,feel,http,2	
and,feel,intimated,1	
and,feel,it,3	
and,feel,its,1	
and,feel,just,1	
and,feel,kinda,1	
and,feel,like,42	
and,feel,loves,1	
and,feel,my,1	
and,feel,ok,1	
and,feel,on,1	
and,feel,ostracized,1	
and,feel,out,1	
and,feel,pain,1	
and,feel,perfectly,1	
and,feel,productive,1	
and,feel,proper,1	
and,feel,proud,1	
and,feel,quite,1	
and,feel,really,5	
and,feel,sad,2	
and,feel,sick,1	
and,feel,so,4	
and,feel,some,1	
and,feel,something,1	
and,feel,sorry,2	
and,feel,stupid,1	
and,feel,super,1	
and,feel,sympathy,1	
and,feel,terrible,1	
and,feel,that,3	
and,feel,the,13	
and,feel,their,1	
and,feel,there,1	
and,feel,things,1	
and,feel,this,1	
and,feel,too,3	
and,feel,ugly,1	
and,feel,uncomfortable,1	
and,feel,very,1	
and,feel,what,1	
and,feel,you,1	
and,feel,your,5	
ani,feel,ayye,1	
animals,feel,just,1	
ant,feel,shit,1	
anybody,feel,or,1	
anybody,feel,weird,52	
anyone,feel,free,2	
anyone,feel,insignificant,1	
anyone,feel,this,1	
apeksha2688,feel,lucky,1	
are,feel,like,1	
ariana,feel,the,1	
artists,feel,as,1	
as,feel,it,1	
as,feel,so,1	
atleast,feel,some,1	
automatically,feel,this,1	
aw,feel,so,1	
awake,feel,free,1	
away,feel,free,1	
aww,feel,better,1	
azherosenko,feel,better,1	
bIeeped,feel,free,1	
babe,feel,still,1	
baby,feel,a,1	
baby,feel,better,1	
back,feel,like,1	
bad,feel,so,1	
badbloodherexx,feel,better,1	
baileysfunky,feel,me,1	
barely,feel,the,1	
basement,feel,about,1	
batteries,feel,because,1	
be,feel,insecure,1	
be,feel,so,1	
be,feel,uneasy,1	
bed,feel,knackered,1	
bed,feel,so,1	
begining,feel,like,1	
beginningnot,feel,like,1	
besides_you,feel,you,1	
best,feel,special,1	
better,feel,fucking,1	
better,feel,loved,1	
better,feel,lucky,2	
better,feel,much,1	
better,feel,so,1	
better,feel,some,1	
better,feel,special,33	
bf,feel,better,1	
bit,feel,better,1	
bitch,feel,dum,1	
bitch,feel,like,1	
bitch,feel,the,1	
bitches,feel,like,1	
body,feel,Orgasmic,1	
body,feel,great,1	
bombSHELLE1,feel,some,1	
bones,feel,like,1	
boobs,feel,fabulous,1	
bookeaulinh,feel,better,1	
bouta,feel,that,1	
boy,feel,warm,1	
boys,feel,it,1	
boys,feel,when,1	
break,feel,long,1	
broke,feel,my,1	
brother,feel,bad,1	
brother,feel,loved,1	
brownshe14,feel,better,1	
business,feel,a,1	
busy,feel,free,1	
but,feel,alone,1	
but,feel,amazing,1	
but,feel,free,1	
but,feel,good,1	
but,feel,like,3	
but,feel,single,1	
but,feel,so,4	
but,feel,sooooo,1	
but,feel,very,1	
ca,feel,if,1	
can,feel,22,1	
can,feel,The,1	
can,feel,Will,1	
can,feel,Zacks,1	
can,feel,a,3	
can,feel,again,1	
can,feel,an,1	
can,feel,better,1	
can,feel,comfortable,2	
can,feel,da,1	
can,feel,every,4	
can,feel,free,2	
can,feel,good,1	
can,feel,guilt,1	
can,feel,her,4	
can,feel,him,1	
can,feel,how,2	
can,feel,hungry,1	
can,feel,it,79	
can,feel,itdeep,1	
can,feel,like,9	
can,feel,love,1	
can,feel,me,3	
can,feel,my,15	
can,feel,myself,8	
can,feel,myslf,1	
can,feel,on,1	
can,feel,peace,1	
can,feel,people,1	
can,feel,positive,1	
can,feel,quizup,1	
can,feel,shetland,1	
can,feel,so,1	
can,feel,something,1	
can,feel,sore,1	
can,feel,sorry,1	
can,feel,special,1	
can,feel,that,2	
can,feel,the,300	
can,feel,their,1	
can,feel,them,1	
can,feel,these,1	
can,feel,things,1	
can,feel,this,6	
can,feel,totally,1	
can,feel,u,3	
can,feel,us,1	
can,feel,water,1	
can,feel,what,2	
can,feel,when,3	
can,feel,ya,1	
can,feel,you,11	
can,feel,your,8	
can,feel,yourself,1	
cang,feel,anything,1	
cannot,feel,my,3	
cannot,feel,you,1	
cant,feel,anything,2	
cant,feel,it,1	
cant,feel,my,4	
cant,feel,that,1	
cant,feel,the,1	
cant,feel,xmas,1	
cant,feel,you,1	
charliewernham,feel,better,1	
chelseeeelynnn,feel,so,1	
chick,feel,like,1	
christmas,feel,so,2	
christmas,feel,weird,47	
cleani,feel,like,1	
coach,feel,bad,1	
college,feel,way,1	
come,feel,my,1	
commercials,feel,so,1	
como,feel,est,1	
como,feel,so,1	
como,feel,this,1	
complete,feel,of,1	
connection,feel,all,1	
constantly,feel,ignored,1	
constantly,feel,like,2	
constantly,feel,the,1	
convo,feel,like,1	
could,feel,any,1	
could,feel,awkward,1	
could,feel,back,1	
could,feel,her,1	
could,feel,included,1	
could,feel,it,3	
could,feel,more,1	
could,feel,my,1	
could,feel,myself,1	
could,feel,someone,1	
could,feel,the,3	
could,feel,things,1	
could,feel,this,10	
could,feel,up,1	
could,feel,what,2	
cud,feel,it,1	
cunt,feel,mi,1	
currently,feel,like,1	
cusin,feel,So,1	
customers,feel,when,1	
d,feel,a,1	
d,feel,bad,2	
d,feel,closer,1	
d,feel,cooler,1	
d,feel,if,2	
d,feel,like,3	
d,feel,once,1	
d,feel,really,1	
d,feel,shitty,1	
d,feel,so,3	
d,feel,the,1	
d,feel,this,2	
d,feel,very,1	
d,feel,way,1	
daily,feel,lucky,1	
daisha,feel,right,1	
dat,feel,http,1	
dat,feel,too,1	
dat,feel,when,1	
days,feel,like,22	
deadass,feel,like,1	
deadly,feel,so,2	
death,feel,like,1	
deeper,feel,of,1	
def,feel,some,1	
definatly,feel,like,1	
definitely,feel,God,1	
definitely,feel,about,2	
definitely,feel,it,2	
definitely,feel,lonelier,1	
definitely,feel,loss,1	
definitely,feel,you,1	
defo,feel,the,1	
demos,feel,NO,1	
dey,feel,am,1	
dey,feel,like,1	
dey,feel,me,1	
did,feel,a,1	
did,feel,like,1	
did,feel,slightly,1	
didnt,feel,like,3	
didnt,feel,safe,1	
didnt,feel,the,1	
didnt,feel,well,1	
different,feel,to,1	
diggerjimmy,feel,free,1	
diko,feel,na,1	
dint,feel,good,1	
disappearinggg,feel,better,1	
dnt,feel,good,2	
dnt,feel,gud,1	
dnt,feel,lik,1	
dnt,feel,like,7	
dnt,feel,this,1	
do,feel,alot,1	
do,feel,bad,2	
do,feel,guilt,1	
do,feel,guilty,1	
do,feel,if,1	
do,feel,kinda,1	
do,feel,left,2	
do,feel,like,4	
do,feel,lucky,1	
do,feel,nice,1	
do,feel,some,1	
do,feel,sorry,2	
do,feel,special,2	
do,feel,the,1	
does,feel,amazing,1	
does,feel,good,3	
does,feel,like,1	
doesna,feel,like,2	
doesnt,feel,anything,1	
doesnt,feel,like,33	
doesnt,feel,real,2	
doesnt,feel,right,3	
doesnt,feel,that,1	
doesnt,feel,the,1	
doesnt,feel,us,1	
doesnt,feel,wanted,1	
dog,feel,asleep,2	
dont,feel,Christmas,1	
dont,feel,I,1	
dont,feel,a,1	
dont,feel,anything,1	
dont,feel,bad,3	
dont,feel,christmassy,2	
dont,feel,christmasty,1	
dont,feel,comfortable,1	
dont,feel,exciting,1	
dont,feel,good,7	
dont,feel,guilty,1	
dont,feel,it,3	
dont,feel,jolly,1	
dont,feel,like,35	
dont,feel,lonely,1	
dont,feel,offended,1	
dont,feel,pain,1	
dont,feel,read,1	
dont,feel,right,3	
dont,feel,safe,1	
dont,feel,sick,1	
dont,feel,sleepy,2	
dont,feel,so,2	
dont,feel,summ,1	
dont,feel,tha,1	
dont,feel,that,1	
dont,feel,the,17	
dont,feel,this,1	
dont,feel,tired,1	
dont,feel,to,1	
dont,feel,very,1	
dont,feel,well,1	
dont,feel,what,1	
dont,feel,wrong,1	
donut__panic,feel,free,1	
donuts,feel,free,1	
donutswithniall,feel,better,1	
dosent,feel,like,2	
dr,feel,is,1	
dreams,feel,so,2	
dudes,feel,when,1	
dudes,feel,with,1	
duffbert,feel,the,1	
earlier,feel,a,1	
easily,feel,better,1	
eating,feel,me,1	
eeelneekey,feel,FREE,1	
een,feel,that,1	
either,feel,good,1	
either,feel,like,1	
either,feel,no,3	
elbow,feel,like,1	
electric,feel,was,1	
else,feel,Nash,1	
else,feel,good,1	
else,feel,kinda,1	
else,feel,like,8	
else,feel,shit,2	
else,feel,that,1	
else,feel,this,1	
em,feel,sum,1	
esse,feel,foi,1	
evan,feel,like,1	
even,feel,19,1	
even,feel,2,1	
even,feel,3,1	
even,feel,LIKE,1	
even,feel,a,2	
even,feel,bad,6	
even,feel,comfortable,1	
even,feel,excited,2	
even,feel,festive,1	
even,feel,free,1	
even,feel,good,1	
even,feel,guilty,1	
even,feel,it,6	
even,feel,late,2	
even,feel,like,368	
even,feel,lilke,1	
even,feel,my,2	
even,feel,myself,1	
even,feel,near,1	
even,feel,pure,1	
even,feel,real,1	
even,feel,right,1	
even,feel,so,3	
even,feel,sorry,1	
even,feel,special,1	
even,feel,that,2	
even,feel,the,12	
even,feel,things,6	
even,feel,tired,1	
even,feel,wanted,1	
ever,feel,alone,4	
ever,feel,ashamed,1	
ever,feel,bad,5	
ever,feel,down,8	
ever,feel,ignored,2	
ever,feel,insecure,4	
ever,feel,insignificant,1	
ever,feel,irrelevant,1	
ever,feel,like,74	
ever,feel,lonely,2	
ever,feel,obligated,1	
ever,feel,sad,3	
ever,feel,smalljust,1	
ever,feel,so,3	
ever,feel,sorry,1	
ever,feel,stupid,2	
ever,feel,the,2	
ever,feel,ugly,1	
ever,feel,unloved,1	
ever,feel,upset,2	
ever,feel,useless,1	
ever,feel,yourself,2	
everybody,feel,like,1	
everybody,feel,the,1	
everyone,feel,a,1	
everyone,feel,about,1	
everyone,feel,free,2	
everyone,feel,like,2	
everyone,feel,uncomfortable,1	
everything,feel,more,1	
everywhere,feel,sick,1	
evnppk,feel,what,1	
eye,feel,swollen,1	
eyes,feel,glued,1	
eyes,feel,heavy,1	
eyes,feel,like,3	
eyes,feel,sore,1	
face,feel,Housler,1	
face,feel,like,1	
fake,feel,nigga,1	
family,feel,the,1	
fans,feel,about,1	
fans,feel,every,1	
fans,feel,losing,1	
fans,feel,right,1	
fans,feel,the,1	
farms,feel,the,2	
favorite,feel,good,1	
feet,feel,dead,1	
feet,feel,funny,1	
feet,feel,tinglayyy,1	
fella,feel,special,1	
female,feel,loved,2	
females,feel,the,1	
females,feel,this,1	
finally,feel,asleep,1	
finally,feel,content,1	
finally,feel,like,1	
fingazzz,feel,wierd,1	
first,feel,special,1	
fits,feel,free,1	
food,feel,like,1	
for,feel,trips,1	
forever,feel,this,1	
fr,feel,me,1	
franhealy,feel,better,1	
freemanflash31,feel,better,1	
friend,feel,like,1	
fuckin,feel,like,1	
fucking,feel,bad,2	
fucking,feel,like,2	
fucking,feel,so,1	
fucking,feel,this,1	
fully,feel,to,1	
ganna,feel,so,1	
genuienly,feel,so,1	
genuine,feel,to,1	
genuinely,feel,bad,1	
genuinely,feel,like,1	
genuinely,feel,sorry,2	
gf,feel,about,1	
gf,feel,like,1	
girl,feel,better,1	
girl,feel,completely,1	
girl,feel,good,1	
girl,feel,hella,1	
girl,feel,like,4	
girlfriend,feel,jealous,1	
girlfriend,feel,single,1	
girls,feel,100x,1	
girls,feel,bad,1	
girls,feel,beautiful,1	
girls,feel,better,1	
girls,feel,jealous,1	
girls,feel,like,3	
girls,feel,more,1	
girls,feel,the,3	
girls,feel,when,8	
girls,feel,without,12	
gna,feel,it,1	
gnna,feel,like,1	
gon,feel,it,1	
gon,feel,like,1	
gon,feel,me,2	
gona,feel,good,1	
gone,feel,a,1	
gone,feel,different,1	
gone,feel,wat,1	
gonna,feel,bad,3	
gonna,feel,it,1	
gonna,feel,like,8	
gonna,feel,my,2	
gonna,feel,pain,1	
gonna,feel,so,3	
gonna,feel,stoopid,1	
gonna,feel,that,1	
gonna,feel,the,1	
good,feel,better,1	
good,feel,like,1	
got,feel,of,1	
gotta,feel,alive,2	
gotta,feel,all,1	
gotta,feel,fulfilled,1	
gunna,feel,my,1	
gunna,feel,right,1	
gunna,feel,your,1	
guy,feel,bad,1	
guy,feel,like,1	
guy,feel,special,1	
guy,feel,when,1	
guys,feel,about,2	
guys,feel,better,2	
guys,feel,like,1	
guys,feel,special,1	
guys,feel,the,2	
guys,feel,tired,1	
guys,feel,what,1	
guys,feel,when,2	
hamster,feel,the,1	
hands,feel,ashyyyyy,1	
hands,feel,on,1	
hanggang,feel,lang,1	
hat,feel,fluffy,1	
hatredyou,feel,towards,1	
have,feel,bad,1	
have,feel,like,1	
he,feel,Special,1	
he,feel,in,2	
he,feel,my,1	
he,feel,that,1	
head,feel,a,1	
heart,feel,all,1	
heart,feel,fine,1	
heart,feel,fuzzy,1	
heart,feel,good,1	
heart,feel,heavy,1	
heart,feel,immense,1	
heart,feel,something,5	
hell,feel,just,3	
hell,feel,like,1	
her,feel,a,1	
her,feel,anything,1	
her,feel,as,2	
her,feel,bad,1	
her,feel,better,2	
her,feel,guilty,1	
her,feel,less,1	
her,feel,like,20	
her,feel,pretty,1	
her,feel,safe,3	
her,feel,single,1	
her,feel,special,1	
her,feel,stupid,1	
her,feel,vulnerable,1	
her,feel,was,1	
her,feel,xD,1	
hey,feel,free,1	
hickies,feel,soooo,2	
highdoh,feel,bad,1	
him,feel,bad,1	
him,feel,better,3	
him,feel,good,2	
him,feel,gulity,1	
him,feel,happy,1	
him,feel,like,2	
him,feel,some,5	
himari,feel,relieved,1	
himself,feel,better,1	
hits,feel,me,1	
hoe,feel,it,1	
hoes,feel,some,1	
holidays,feel,in,1	
honestly,feel,bad,5	
honestly,feel,for,1	
honestly,feel,like,7	
honestly,feel,so,2	
honestly,feel,stupid,1	
honestly,feel,that,1	
honestly,feel,you,2	
honesty,feel,it,1	
honesty,feel,like,1	
hopefully,feel,better,1	
hours,feel,like,20	
house,feel,like,1	
house,feel,sorry,1	
how,feel,about,1	
how,feel,you,1	
huhu,feel,ko,1	
human,feel,lik,1	
hurt,feel,something,1	
i,feel,Famous,1	
i,feel,You,1	
i,feel,a,6	
i,feel,about,27	
i,feel,aboutcha,1	
i,feel,absolute,1	
i,feel,accomplished,1	
i,feel,affended,1	
i,feel,after,1	
i,feel,alone,1	
i,feel,alright,1	
i,feel,and,3	
i,feel,angry,1	
i,feel,annoying,1	
i,feel,anymore,1	
i,feel,as,2	
i,feel,asthough,1	
i,feel,at,1	
i,feel,awful,1	
i,feel,awks,1	
i,feel,awkward,3	
i,feel,ba,1	
i,feel,bad,28	
i,feel,bc,3	
i,feel,bcus,1	
i,feel,before,1	
i,feel,betrayed,1	
i,feel,better,4	
i,feel,bout,2	
i,feel,brand,1	
i,feel,but,1	
i,feel,butch,1	
i,feel,compelled,1	
i,feel,cool,1	
i,feel,creepy,1	
i,feel,cute,1	
i,feel,depressed,1	
i,feel,different,1	
i,feel,disappointed,1	
i,feel,disrespected,1	
i,feel,doubtful,1	
i,feel,eight,1	
i,feel,even,1	
i,feel,every,1	
i,feel,everyday,2	
i,feel,extra,1	
i,feel,famous,1	
i,feel,fat,2	
i,feel,femme,1	
i,feel,five,1	
i,feel,fond,1	
i,feel,for,7	
i,feel,free,1	
i,feel,fresh,1	
i,feel,gangsta,1	
i,feel,good,5	
i,feel,gooooood,1	
i,feel,great,2	
i,feel,guilty,1	
i,feel,he,1	
i,feel,honored,1	
i,feel,horrible,5	
i,feel,hot,1	
i,feel,http,1	
i,feel,https,1	
i,feel,huge,1	
i,feel,hungry,2	
i,feel,hurt,2	
i,feel,i,3	
i,feel,ignant,1	
i,feel,ill,1	
i,feel,in,2	
i,feel,inside,2	
i,feel,inspired,1	
i,feel,invisible,1	
i,feel,is,2	
i,feel,it,12	
i,feel,kinda,1	
i,feel,lame,1	
i,feel,lazy,1	
i,feel,left,1	
i,feel,liek,1	
i,feel,lik,1	
i,feel,like,352	
i,feel,lonely,3	
i,feel,loved,2	
i,feel,me,2	
i,feel,mean,1	
i,feel,more,4	
i,feel,na,1	
i,feel,needed,1	
i,feel,neglected,1	
i,feel,no,3	
i,feel,normal,1	
i,feel,nostalgic,1	
i,feel,nothing,1	
i,feel,now,1	
i,feel,numb,1	
i,feel,offended,1	
i,feel,okay,1	
i,feel,old,7	
i,feel,played,1	
i,feel,pretty,3	
i,feel,privileged,1	
i,feel,proud,1	
i,feel,real,1	
i,feel,really,8	
i,feel,regret,2	
i,feel,relieved,1	
i,feel,ridiculous,1	
i,feel,right,7	
i,feel,rn,4	
i,feel,rude,1	
i,feel,sad,5	
i,feel,shattered,1	
i,feel,she,1	
i,feel,shit,1	
i,feel,sick,7	
i,feel,silly,1	
i,feel,since,1	
i,feel,single,1	
i,feel,skipped,1	
i,feel,so,87	
i,feel,some,3	
i,feel,something,2	
i,feel,sometimes,2	
i,feel,soo,1	
i,feel,sooo,2	
i,feel,soooo,2	
i,feel,sooooo,1	
i,feel,sore,1	
i,feel,sorry,6	
i,feel,sory,1	
i,feel,special,5	
i,feel,stoop,1	
i,feel,stupid,1	
i,feel,terrible,1	
i,feel,that,4	
i,feel,the,22	
i,feel,they,1	
i,feel,this,6	
i,feel,threatened,1	
i,feel,tingly,1	
i,feel,to,2	
i,feel,too,1	
i,feel,towards,2	
i,feel,u,20	
i,feel,ugly,1	
i,feel,uncomfortable,1	
i,feel,unique,1	
i,feel,unprotected,1	
i,feel,unwanted,1	
i,feel,unworthy,1	
i,feel,ur,2	
i,feel,v,1	
i,feel,very,2	
i,feel,waaay,1	
i,feel,waiting,1	
i,feel,we,1	
i,feel,weird,3	
i,feel,what,2	
i,feel,when,7	
i,feel,whenever,1	
i,feel,with,1	
i,feel,worse,1	
i,feel,worst,1	
i,feel,worth,2	
i,feel,worthless,1	
i,feel,ya,10	
i,feel,yhur,1	
i,feel,you,36	
i,feel,your,9	
iCan,feel,the,1	
iDnt,feel,Like,1	
iamdolliee,feel,better,1	
ican,feel,it,1	
id,feel,this,1	
idkI,feel,guilty,1	
if,feel,you,1	
ii,feel,like,1	
iiiiiii,feel,my,1	
ilk,feel,awesome,1	
ill,feel,better,1	
ill,feel,like,1	
im,feel,nd,1	
ima,feel,at,1	
imagines,feel,so,1	
in,feel,like,1	
insecure,feel,the,1	
instantly,feel,Christmassy,1	
instantly,feel,better,1	
internet,feel,like,1	
ion,feel,dat,1	
ion,feel,good,2	
ion,feel,like,7	
iont,feel,like,1	
is,feel,good,1	
is,feel,love,1	
is,feel,so,2	
is,feel,sorry,1	
it,feel,JLSters,1	
it,feel,alright,1	
it,feel,awkward,1	
it,feel,beautiful,1	
it,feel,being,1	
it,feel,better,6	
it,feel,br,3	
it,feel,for,1	
it,feel,good,13	
it,feel,grows,1	
it,feel,having,1	
it,feel,hella,1	
it,feel,knowing,4	
it,feel,like,95	
it,feel,losing,1	
it,feel,more,2	
it,feel,not,1	
it,feel,now,1	
it,feel,right,3	
it,feel,sick,1	
it,feel,sitting,1	
it,feel,so,14	
it,feel,sucka,1	
it,feel,that,1	
it,feel,to,27	
it,feel,weird,4	
its_ashleey99,feel,stupid,1	
its_kimboslice9,feel,better,1	
its_onama,feel,u,1	
itzcarlitoss,feel,me,1	
jenimyers123,feel,ya,1	
jinoenguerra,feel,ko,1	
jlsters,feel,heart,1	
john,feel,about,1	
jst,feel,nthng,1	
jst,feel,we,1	
jus,feel,discomfort,1	
jus,feel,like,2	
jus,feel,warm,1	
just,feel,I,1	
just,feel,a,1	
just,feel,alive,1	
just,feel,all,1	
just,feel,alone,1	
just,feel,awkward,1	
just,feel,bad,4	
just,feel,better,3	
just,feel,blah,1	
just,feel,bored,2	
just,feel,comfortable,1	
just,feel,complete,2	
just,feel,completely,1	
just,feel,decent,1	
just,feel,different,2	
just,feel,disappointed,1	
just,feel,disgusted,1	
just,feel,empty,2	
just,feel,great,1	
just,feel,happy,7	
just,feel,hurt,1	
just,feel,iffy,1	
just,feel,in,1	
just,feel,invisible,5	
just,feel,it,5	
just,feel,kind,1	
just,feel,lifeless,1	
just,feel,like,87	
just,feel,lost,1	
just,feel,miserable,1	
just,feel,mo,1	
just,feel,more,1	
just,feel,nothing,1	
just,feel,physically,1	
just,feel,really,3	
just,feel,sad,1	
just,feel,shitty,1	
just,feel,sick,2	
just,feel,so,27	
just,feel,someone,1	
just,feel,sorry,1	
just,feel,special,1	
just,feel,success,1	
just,feel,super,1	
just,feel,terrible,1	
just,feel,that,3	
just,feel,the,4	
just,feel,their,2	
just,feel,uncomfortable,1	
just,feel,unwanted,1	
just,feel,used,1	
just,feel,weird,2	
just,feel,weirdly,1	
just,feel,worse,1	
just,feel,wrong,1	
just,feel,you,1	
just,feel,yourself,1	
just,feel,yucky,1	
justin,feel,free,1	
juviethegreat,feel,Good,1	
jz,feel,nt,1	
kacau,feel,betol,1	
kan,feel,gue,1	
kasi,feel,sikit,1	
kerriganneff,feel,special,1	
key,feel,like,1	
kinda,feel,bad,3	
kinda,feel,bipolar,1	
kinda,feel,like,5	
kinda,feel,sorry,3	
kisses,feel,so,1	
knofrz34,feel,better,1	
ko,feel,Christmas,1	
ko,feel,ang,2	
ko,feel,e,1	
ko,feel,eh,2	
ko,feel,haha,1	
ko,feel,huhuhu,1	
ko,feel,magpalit,1	
ko,feel,na,5	
ko,feel,pasko,3	
ko,feel,ung,1	
ko,feel,yung,2	
krystledsouza,feel,happy,1	
kylecarr72,feel,your,1	
l,feel,really,13	
la,feel,avuthanu,1	
lalahikmawan,feel,ngantuknya,1	
laurakdare,feel,better,1	
layan,feel,katanya,1	
legs,feel,hecka,1	
legs,feel,like,4	
legs,feel,so,2	
legs,feel,worse,1	
liberty_lula,feel,free,1	
life,feel,better,1	
life,feel,worth,1	
lifeAsBRIAH_,feel,like,1	
like,feel,it,1	
lips,feel,like,1	
lips,feel,on,1	
lips,feel,so,1	
literally,feel,bad,1	
literally,feel,like,6	
literally,feel,my,2	
literally,feel,myself,1	
literally,feel,sick,1	
literally,feel,so,3	
literally,feel,someone,1	
literally,feel,sorry,2	
literally,feel,the,1	
literally,feel,you,1	
lizzieedesmond,feel,you,1	
ll,feel,10x,1	
ll,feel,a,1	
ll,feel,alive,1	
ll,feel,all,1	
ll,feel,bad,2	
ll,feel,better,12	
ll,feel,even,1	
ll,feel,free,1	
ll,feel,full,1	
ll,feel,good,1	
ll,feel,in,1	
ll,feel,it,2	
ll,feel,judged,1	
ll,feel,like,3	
ll,feel,more,1	
ll,feel,my,1	
ll,feel,now,1	
ll,feel,sad,1	
ll,feel,so,2	
ll,feel,ten,1	
ll,feel,that,1	
ll,feel,you,1	
lobsters,feel,pain,1	
lol,feel,like,1	
lol,feel,me,1	
longer,feel,it,1	
longer,feel,the,2	
lover,feel,a,1	
lowkey,feel,kinda,1	
lowkey,feel,like,1	
lyrics,feel,somewhat,1	
m,feel,I,1	
m,feel,alone,1	
m,feel,bad,1	
m,feel,dirty,1	
m,feel,like,2	
m,feel,so,3	
ma,feel,ang,1	
make,feel,a,1	
make,feel,like,1	
maker,feel,like,1	
makes,feel,better,1	
making,feel,all,1	
man,feel,like,1	
man,feel,na,1	
man,feel,yourself,1	
many,feel,nice,1	
many,feel,the,1	
mas,feel,ko,1	
masyadong,feel,na,1	
masyadong,feel,yung,1	
may,feel,like,4	
may,feel,you,1	
me,feel,10,1	
me,feel,100,2	
me,feel,100x,1	
me,feel,40,1	
me,feel,Christmassy,4	
me,feel,LOOPY,1	
me,feel,SO,1	
me,feel,a,12	
me,feel,abit,1	
me,feel,absoultly,1	
me,feel,accomplished,1	
me,feel,alil,1	
me,feel,alive,40	
me,feel,aliveeee,1	
me,feel,all,6	
me,feel,alone,3	
me,feel,alright,2	
me,feel,ancient,1	
me,feel,angry,1	
me,feel,anti,1	
me,feel,anxious,1	
me,feel,any,2	
me,feel,anymore,1	
me,feel,as,10	
me,feel,at,2	
me,feel,awful,1	
me,feel,awkward,1	
me,feel,back,1	
me,feel,bad,17	
me,feel,batter,1	
me,feel,be,1	
me,feel,beautiful,4	
me,feel,better,148	
me,feel,blue,1	
me,feel,boring,1	
me,feel,brand,1	
me,feel,calm,1	
me,feel,cheap,1	
me,feel,christmassy,2	
me,feel,christmasy,1	
me,feel,claustrophobic,1	
me,feel,comfortable,5	
me,feel,complete,1	
me,feel,cool,2	
me,feel,darkskin,1	
me,feel,dawg,1	
me,feel,delighted,1	
me,feel,despicable,1	
me,feel,dry,1	
me,feel,dum,1	
me,feel,dumb,1	
me,feel,embarrassed,1	
me,feel,eternally,1	
me,feel,even,4	
me,feel,every,1	
me,feel,everything,1	
me,feel,extra,2	
me,feel,extremely,1	
me,feel,fantastic,1	
me,feel,fat,2	
me,feel,fierce,1	
me,feel,fine,1	
me,feel,for,1	
me,feel,forever,1	
me,feel,free,2	
me,feel,funny,1	
me,feel,good,21	
me,feel,great,2	
me,feel,guilty,54	
me,feel,happy,6	
me,feel,horny,2	
me,feel,horrible,1	
me,feel,hot,1	
me,feel,how,2	
me,feel,hyper,1	
me,feel,i,1	
me,feel,ill,2	
me,feel,important,2	
me,feel,inadequate,1	
me,feel,insecure,1	
me,feel,inside,1	
me,feel,instantly,1	
me,feel,invincible,1	
me,feel,irie,1	
me,feel,it,2	
me,feel,l,1	
me,feel,lazy,1	
me,feel,left,1	
me,feel,less,3	
me,feel,lik,1	
me,feel,like,205	
me,feel,lonely,3	
me,feel,love,1	
me,feel,loved,4	
me,feel,low,4	
me,feel,makes,1	
me,feel,more,7	
me,feel,nice,1	
me,feel,not,1	
me,feel,nothing,1	
me,feel,odd,1	
me,feel,old,4	
me,feel,older,1	
me,feel,on,1	
me,feel,perfect,1	
me,feel,poppin,1	
me,feel,popular,1	
me,feel,prettier,1	
me,feel,pretty,1	
me,feel,purty,1	
me,feel,really,3	
me,feel,relaxed,1	
me,feel,relevant,1	
me,feel,retarded,2	
me,feel,rich,1	
me,feel,right,1	
me,feel,sad,4	
me,feel,safe,3	
me,feel,salty,1	
me,feel,seasick,1	
me,feel,sexual,1	
me,feel,sexy,1	
me,feel,shit,1	
me,feel,sick,21	
me,feel,single,1	
me,feel,sleepy,1	
me,feel,slightly,1	
me,feel,slutty,1	
me,feel,small,1	
me,feel,smart,1	
me,feel,so,91	
me,feel,some,40	
me,feel,something,1	
me,feel,sooo,2	
me,feel,soooo,1	
me,feel,special,22	
me,feel,stupid,23	
me,feel,super,1	
me,feel,tearful,1	
me,feel,terrible,1	
me,feel,that,4	
me,feel,the,5	
me,feel,there,1	
me,feel,thin,1	
me,feel,things,2	
me,feel,this,13	
me,feel,to,2	
me,feel,tonightIt,1	
me,feel,ugly,3	
me,feel,uncomfortable,10	
me,feel,ungrateful,1	
me,feel,unloved,1	
me,feel,unwanted,20	
me,feel,very,5	
me,feel,wanted,3	
me,feel,warm,2	
me,feel,way,2	
me,feel,we,1	
me,feel,weak,1	
me,feel,weakened,1	
me,feel,weird,1	
me,feel,welcome,1	
me,feel,what,3	
me,feel,whole,1	
me,feel,wierd,1	
me,feel,wonderful,1	
me,feel,worse,8	
me,feel,worthless,4	
me,feel,worthless_,1	
me,feel,you,1	
me,feel,young,1	
me,feel,yuck,1	
mealsto,feel,prettyi,1	
mean,feel,free,1	
meh,feel,better,1	
mei,feel,like,11	
memoryi,feel,nothing,1	
men,feel,about,1	
mf,feel,demm,1	
mf,feel,or,1	
might,feel,like,2	
miners,feel,the,1	
minsan,feel,ko,1	
miss,feel,the,1	
mo,feel,yung,4	
much,feel,like,2	
much,feel,very,1	
mullyhanley,feel,better,1	
mum,feel,the,1	
murderousduck,feel,better,1	
musical,feel,to,1	
mussy,feel,like,1	
must,feel,amazing,1	
must,feel,amazn,1	
must,feel,great,1	
must,feel,like,3	
must,feel,some,1	
must,feel,stupid,1	
must,feel,super,1	
must,feel,that,1	
must,feel,to,1	
my,feel,some,1	
myself,feel,better,1	
myself,feel,christmassy,1	
myself,feel,comfortable,1	
myself,feel,festive,1	
myself,feel,good,1	
myself,feel,shittier,1	
n,feel,the,1	
n,feel,vile,1	
na,feel,ko,2	
na,feel,na,1	
na,feel,nya,2	
namtaehuyn,feel,bad,1	
naquele,feel,para,1	
nazee_zaa,feel,free,1	
need,feel,in,1	
needa,feel,me,1	
needa,feel,some,1	
never,feel,bad,3	
never,feel,belonged,1	
never,feel,comfortable,1	
never,feel,complete,1	
never,feel,completely,3	
never,feel,good,2	
never,feel,hurt,1	
never,feel,like,6	
never,feel,lonely,2	
never,feel,more,2	
never,feel,offended,1	
never,feel,pain,1	
never,feel,single,1	
never,feel,so,1	
never,feel,stressful,1	
never,feel,that,2	
never,feel,the,2	
never,feel,they,1	
never,feel,this,2	
never,feel,unappreciated,1	
never,feel,unnappreciated,1	
never,feel,unwanted,7	
never,feel,what,1	
next,feel,fucking,1	
nfl,feel,embarrassed,1	
nga,feel,ko,1	
nickcataldi19,feel,better,1	
nigga,feel,better,1	
nigga,feel,like,2	
nigga,feel,on,2	
nigga,feel,salty,1	
niggas,feel,after,1	
niggas,feel,like,1	
niggas,feel,me,1	
niggers,feel,like,1	
nights,feel,colder,1	
nightto,feel,the,1	
nina,feel,better,1	
nko,feel,ang,1	
no,feel,like,1	
no,feel,to,1	
not,feel,Christmassy,1	
not,feel,anything,1	
not,feel,at,4	
not,feel,bad,3	
not,feel,below,1	
not,feel,cause,1	
not,feel,christmasy,1	
not,feel,dead,1	
not,feel,festive,1	
not,feel,fresh,1	
not,feel,good,8	
not,feel,guilty,4	
not,feel,in,1	
not,feel,it,2	
not,feel,judged,1	
not,feel,like,80	
not,feel,likes,1	
not,feel,my,1	
not,feel,myself,1	
not,feel,n,1	
not,feel,pain,1	
not,feel,particularly,1	
not,feel,real,1	
not,feel,right,1	
not,feel,sad,1	
not,feel,so,1	
not,feel,some,2	
not,feel,the,6	
not,feel,too,1	
not,feel,very,1	
not,feel,weird,1	
not,feel,well,1	
not,feel,your,4	
not,feel,yourself,1	
nothing,feel,nothing,1	
now,feel,amazing,1	
now,feel,like,2	
now,feel,my,1	
now,feel,so,1	
nt,feel,lyk,1	
nuh,feel,ppl,1	
nye,feel,free,1	
o,feel,that,1	
obviously,feel,some,1	
occasionally,feel,like,2	
of,feel,bad,1	
of,feel,funny,1	
of,feel,good,1	
of,feel,like,4	
of,feel,sad,1	
often,feel,alone,4	
often,feel,like,2	
often,feel,very,1	
often,feel,when,1	
okay,feel,special,1	
omgalexx,feel,you,1	
one,feel,that,1	
ones,feel,unloved,1	
only,feel,defined,1	
only,feel,good,1	
only,feel,like,1	
only,feel,worse,1	
or,feel,abything,1	
or,feel,anything,1	
or,feel,ashamed,1	
or,feel,awkward,1	
or,feel,bad,2	
or,feel,depressed,1	
or,feel,emotional,1	
or,feel,her,3	
or,feel,like,1	
or,feel,my,1	
or,feel,sorry,2	
or,feel,this,1	
orgirlfriend,feel,single,1	
others,feel,about,6	
others,feel,awkward,1	
others,feel,bad,1	
others,feel,differently,1	
others,feel,even,1	
others,feel,that,1	
others,feel,with,1	
our,feel,good,1	
ourselfs,feel,better,1	
ourselves,feel,better,1	
out,feel,free,1	
outi,feel,it,1	
pain,feel,forever,1	
pain,feel,so,1	
parang,feel,ko,1	
parents,feel,obligated,1	
parents,feel,some,1	
parents,feel,the,1	
parents,feel,when,1	
partners,feel,complete,2	
penis,feel,good,1	
people,feel,a,2	
people,feel,about,19	
people,feel,afraid,1	
people,feel,bad,4	
people,feel,better,3	
people,feel,comfortable,1	
people,feel,dumb,1	
people,feel,good,3	
people,feel,invincible,2	
people,feel,like,3	
people,feel,more,1	
people,feel,safe,1	
people,feel,shit,1	
people,feel,the,18	
people,feel,uncomfortable,2	
people,feel,what,1	
people,feel,when,1	
people,feel,worse,1	
pepx_,feel,trip,1	
person,feel,drunk,1	
person,feel,like,1	
person,feel,or,1	
person,feel,whole,1	
phone,feel,and,1	
phone,feel,free,1	
phone,feel,so,1	
physically,feel,any,1	
physically,feel,your,1	
playoffs,feel,like,1	
please,feel,better,1	
please,feel,free,5	
please,feel,welcome,1	
pleasei,feel,the,1	
pls,feel,better,1	
pls,feel,free,1	
plz,feel,free,1	
ppl,feel,disqualified,1	
ppl,feel,jealous,1	
ppl,feel,that,1	
ppl,feel,when,2	
press,feel,bad,1	
prob,feel,better,1	
probably,feel,like,1	
probably,feel,special,1	
probably,feel,worse,1	
prodigyofspeed,feel,sorry,1	
professors,feel,the,1	
prolly,feel,10x,1	
ptvella,feel,ko,1	
qDmgvm7mZO,feel,free,1	
questions,feel,free,1	
quite,feel,like,1	
rally,feel,k,1	
randomly,feel,depressed,4	
randoms,feel,they,1	
rather,feel,nothing,2	
rather,feel,pain,1	
rather,feel,the,1	
really,feel,Christmassy,1	
really,feel,about,9	
really,feel,and,1	
really,feel,as,1	
really,feel,bad,3	
really,feel,because,1	
really,feel,dejected,1	
really,feel,for,1	
really,feel,good,1	
really,feel,in,2	
really,feel,inside,2	
really,feel,is,1	
really,feel,it,1	
really,feel,kinda,1	
really,feel,like,51	
really,feel,lol,1	
really,feel,so,1	
really,feel,some,4	
really,feel,sorry,3	
really,feel,terrible,2	
really,feel,that,2	
really,feel,the,2	
really,feel,this,1	
really,feel,those,1	
really,feel,you,1	
redridingboo,feel,like,1	
refs,feel,the,1	
retro,feel,with,1	
revision,feel,that,1	
rewards,feel,bright,1	
rin,feel,Pasko,1	
ronald_taylor13,feel,you,1	
roomI,feel,asleep,1	
ryanddixon,feel,you,1	
s,feel,good,1	
s,feel,in,1	
s,feel,like,3	
s,feel,of,1	
sahdia_,feel,special,1	
salga,feel,en,1	
secretly,feel,like,1	
selves,feel,better,2	
sequences,feel,a,1	
ser,feel,it,2	
seriously,feel,bad,2	
seriously,feel,like,5	
seriously,feel,so,1	
shanedawson,feel,like,1	
shaniachen3,feel,better,1	
she,feel,I,1	
she,feel,asleep,1	
she,feel,better,2	
she,feel,comfortable,1	
she,feel,instead,1	
she,feel,it,1	
she,feel,like,1	
she,feel,thou,1	
shid,feel,yucky,1	
shins,feel,like,1	
shit,feel,good,2	
should,feel,HONORED,1	
should,feel,ashamed,2	
should,feel,bad,5	
should,feel,blessed,1	
should,feel,dumb,1	
should,feel,every,1	
should,feel,gross,1	
should,feel,happy,2	
should,feel,like,1	
should,feel,lucky,3	
should,feel,more,1	
should,feel,pierced,1	
should,feel,pretty,2	
should,feel,proud,2	
should,feel,right,1	
should,feel,shitty,1	
should,feel,sorry,1	
should,feel,special,8	
should,feel,the,2	
should,feel,triggered,1	
should,feel,very,2	
shouldnt,feel,this,1	
sian,feel,so,1	
sickness,feel,like,1	
sill,feel,sleepy,1	
similar,feel,to,1	
sinister,feel,to,1	
sinuses,feel,disgusting,1	
slick,feel,like,1	
slightest,feel,christmassy,1	
slightly,feel,that,1	
small,feel,small,1	
so,feel,free,10	
so,feel,good,1	
so,feel,how,1	
so,feel,like,1	
so,feel,special,1	
so_aMAEVEzing,feel,you,1	
some,feel,good,1	
somehow,feel,guilty,1	
somehow,feel,that,1	
someone,feel,bad,2	
someone,feel,better,1	
someone,feel,good,1	
someone,feel,like,1	
someone,feel,so,1	
someone,feel,tht,1	
someone,feel,worthless,1	
somethin,feel,different,1	
something,feel,free,1	
something,feel,so,3	
sometimes,feel,calum,1	
sometimes,feel,like,3	
sometimes,feel,to,1	
songs,feel,amazing,1	
sorta,feel,like,1	
soul,feel,glad,1	
soul,feel,real,1	
spongers,feel,every,1	
staff,feel,uncomfortable,1	
starsI,feel,amazing,1	
states,feel,about,1	
stiLl,feel,the,1	
still,feel,AVB,1	
still,feel,FAT,1	
still,feel,Guarin,1	
still,feel,a,1	
still,feel,about,1	
still,feel,all,1	
still,feel,alone,1	
still,feel,awkward,1	
still,feel,bad,3	
still,feel,broke,1	
still,feel,broken,1	
still,feel,compelled,1	
still,feel,crap,1	
still,feel,drunk,2	
still,feel,fragile,1	
still,feel,good,1	
still,feel,he,1	
still,feel,high,1	
still,feel,his,1	
still,feel,hungry,1	
still,feel,ill,1	
still,feel,it,4	
still,feel,jealous,1	
still,feel,kinda,2	
still,feel,like,230	
still,feel,lonely,5	
still,feel,low,1	
still,feel,me,1	
still,feel,p,2	
still,feel,shit,1	
still,feel,shitty,1	
still,feel,sick,3	
still,feel,smacked,1	
still,feel,so,3	
still,feel,some,1	
still,feel,sorry,1	
still,feel,terrible,2	
still,feel,the,26	
still,feel,thirsty,1	
still,feel,this,1	
still,feel,to,1	
still,feel,unproductive,1	
still,feel,unstable,1	
still,feel,we,1	
still,feel,worth,1	
still,feel,you,6	
still,feel,your,2	
stomach,feel,full,1	
stomach,feel,weak,1	
storm,feel,sky,1	
stupid,feel,like,1	
suckerforswift,feel,da,1	
suddenly,feel,hungry,1	
suddenly,feel,insanely,1	
suddenly,feel,like,3	
suddenly,feel,tt,1	
suddenly,feel,unstoppable,1	
sun,feel,me,1	
sweet,feel,like,1	
sweety,feel,you,1	
t,feel,100,1	
t,feel,Bad,1	
t,feel,Christmas,2	
t,feel,Christmassy,13	
t,feel,Christmasy,4	
t,feel,Good,4	
t,feel,Guilty,1	
t,feel,Like,10	
t,feel,Right,1	
t,feel,Same,1	
t,feel,Sorry,1	
t,feel,Sowwie,1	
t,feel,The,2	
t,feel,Worthy,1	
t,feel,You,1	
t,feel,a,6	
t,feel,alive,1	
t,feel,alone,1	
t,feel,aloneLovatics,1	
t,feel,any,4	
t,feel,anything,7	
t,feel,anyways,1	
t,feel,appreciated,1	
t,feel,appropriate,1	
t,feel,as,8	
t,feel,awkward,1	
t,feel,bad,32	
t,feel,better,2	
t,feel,christmassy,7	
t,feel,christmasy,3	
t,feel,cold,1	
t,feel,comfortable,5	
t,feel,complete,2	
t,feel,cool,1	
t,feel,d,1	
t,feel,embarrassed,3	
t,feel,excited,2	
t,feel,festive,4	
t,feel,flattered,1	
t,feel,flesh,1	
t,feel,for,2	
t,feel,free,1	
t,feel,gewd,1	
t,feel,good,75	
t,feel,great,2	
t,feel,grounded,1	
t,feel,guilty,5	
t,feel,hated,1	
t,feel,how,1	
t,feel,human,1	
t,feel,in,1	
t,feel,inadequate,1	
t,feel,insecure,1	
t,feel,into,1	
t,feel,it,30	
t,feel,kinda,1	
t,feel,lady,1	
t,feel,late,1	
t,feel,lazy,1	
t,feel,less,2	
t,feel,like,894	
t,feel,likee,1	
t,feel,likk,1	
t,feel,lile,1	
t,feel,lonely,3	
t,feel,love,1	
t,feel,me,9	
t,feel,much,1	
t,feel,my,28	
t,feel,no,2	
t,feel,nothin,2	
t,feel,nothing,1	
t,feel,obligated,2	
t,feel,one,2	
t,feel,out,1	
t,feel,particularly,1	
t,feel,played,1	
t,feel,pressured,1	
t,feel,pretty,2	
t,feel,read,3	
t,feel,ready,1	
t,feel,real,7	
t,feel,regret,1	
t,feel,rested,1	
t,feel,right,28	
t,feel,sad,29	
t,feel,safe,1	
t,feel,save,1	
t,feel,shame,1	
t,feel,shit,2	
t,feel,sick,1	
t,feel,so,25	
t,feel,soIrrelephant,1	
t,feel,sorry,7	
t,feel,special,6	
t,feel,stress,1	
t,feel,stupid,1	
t,feel,sympathy,1	
t,feel,that,4	
t,feel,the,309	
t,feel,they,1	
t,feel,this,5	
t,feel,to,3	
t,feel,too,5	
t,feel,up,1	
t,feel,very,5	
t,feel,violated,1	
t,feel,wanted,1	
t,feel,we,3	
t,feel,weird,2	
t,feel,welcome,1	
t,feel,well,15	
t,feel,what,1	
t,feel,when,1	
t,feel,worse,1	
t,feel,y,1	
t,feel,you,2	
t,feel,your,3	
talaga,feel,ang,1	
talaga,feel,christmas,1	
talaga,feel,christmassss,1	
talaga,feel,teng,1	
talaga,feel,ung,1	
talaga,feel,yung,1	
teethe,feel,like,1	
ten,feel,the,1	
than,feel,as,1	
than,feel,miserable,1	
than,feel,nothing,1	
than,feel,this,1	
that,feel,bro,3	
that,feel,dude,1	
that,feel,good,2	
that,feel,like,4	
that,feel,man,1	
that,feel,so,1	
that,feel,superior,1	
that,feel,they,1	
that,feel,vrooh,1	
that,feel,when,2	
the,feel,of,7	
the,feel,up,1	
them,feel,Important,1	
them,feel,appreciated,1	
them,feel,ashamed,1	
them,feel,bad,2	
them,feel,better,1	
them,feel,good,2	
them,feel,heartbreak,1	
them,feel,how,1	
them,feel,like,2	
them,feel,more,1	
them,feel,safe,4	
them,feel,shit,2	
them,feel,sometime,1	
them,feel,sorry,1	
them,feel,special,5	
them,feel,validated,1	
them,feel,wanted,2	
them,feel,your,1	
themselves,feel,better,1	
then,feel,bad,1	
then,feel,famous,1	
then,feel,free,2	
then,feel,sick,1	
then,feel,special,1	
then,feel,the,1	
there,feel,like,1	
they,feel,Christmassy,1	
they,feel,about,9	
they,feel,and,2	
they,feel,as,1	
they,feel,awk,1	
they,feel,bad,2	
they,feel,bc,1	
they,feel,being,1	
they,feel,but,1	
they,feel,foh,1	
they,feel,for,3	
they,feel,good,2	
they,feel,him,1	
they,feel,humans,1	
they,feel,hurt,9	
they,feel,instead,1	
they,feel,insulted,1	
they,feel,is,2	
they,feel,like,10	
they,feel,pain,1	
they,feel,passionately,4	
they,feel,proud,1	
they,feel,so,2	
they,feel,some,3	
they,feel,sorry,1	
they,feel,suicidal,1	
they,feel,tha,1	
they,feel,thaa,1	
they,feel,that,3	
they,feel,the,7	
they,feel,they,8	
they,feel,threatened,1	
they,feel,too,1	
they,feel,when,4	
they,feel,you,3	
thingI,feel,something,1	
things,feel,brand,1	
things,feel,good,2	
things,feel,so,4	
this,feel,for,1	
thrm,feel,wise,1	
throat,feel,a,1	
thumbs,feel,after,1	
til,feel,like,1	
times,feel,happier,1	
tired,feel,the,1	
titties,feel,like,4	
tj,feel,better,1	
to,feel,A,1	
to,feel,Christmassy,6	
to,feel,Good,1	
to,feel,L,1	
to,feel,Laura,1	
to,feel,Sorry,1	
to,feel,a,29	
to,feel,about,31	
to,feel,accepted,1	
to,feel,actually,1	
to,feel,afraidI,1	
to,feel,again,4	
to,feel,alittle,1	
to,feel,alive,4	
to,feel,all,1	
to,feel,alone,2	
to,feel,aloneeee,1	
to,feel,alright,1	
to,feel,amazing,1	
to,feel,and,4	
to,feel,any,1	
to,feel,anymore,5	
to,feel,anything,1	
to,feel,apart,1	
to,feel,appreciated,5	
to,feel,artistic,1	
to,feel,as,1	
to,feel,ashamed,1	
to,feel,asqoendzwshourp,1	
to,feel,bad,7	
to,feel,beautiful,10	
to,feel,better,31	
to,feel,betteri,2	
to,feel,blue,1	
to,feel,butterflies,7	
to,feel,by,1	
to,feel,christmassy,1	
to,feel,complete,1	
to,feel,completely,1	
to,feel,condemned,2	
to,feel,connected,1	
to,feel,cool,1	
to,feel,disappointed,7	
to,feel,each,1	
to,feel,em,1	
to,feel,empty,1	
to,feel,enough,1	
to,feel,equal,1	
to,feel,even,1	
to,feel,everyday,1	
to,feel,excited,1	
to,feel,feels,1	
to,feel,festive,2	
to,feel,for,4	
to,feel,gassed,1	
to,feel,good,9	
to,feel,great,2	
to,feel,guilt,2	
to,feel,guilty,6	
to,feel,happy,1	
to,feel,hatred,1	
to,feel,healthy,1	
to,feel,her,3	
to,feel,homeless,1	
to,feel,how,4	
to,feel,http,1	
to,feel,hu,1	
to,feel,hungover,1	
to,feel,hungry,1	
to,feel,hurt,1	
to,feel,important,5	
to,feel,in,1	
to,feel,insecure,1	
to,feel,it,5	
to,feel,its,7	
to,feel,joy,2	
to,feel,just,2	
to,feel,left,2	
to,feel,less,9	
to,feel,like,65	
to,feel,loneliness,1	
to,feel,lonely,2	
to,feel,lost,1	
to,feel,love,3	
to,feel,loved,6	
to,feel,lower,1	
to,feel,lucky,1	
to,feel,marginally,1	
to,feel,me,1	
to,feel,miserable,1	
to,feel,morally,1	
to,feel,more,3	
to,feel,my,4	
to,feel,myself,1	
to,feel,no,1	
to,feel,not,1	
to,feel,nothing,1	
to,feel,numb,1	
to,feel,old,2	
to,feel,on,2	
to,feel,or,2	
to,feel,pain,6	
to,feel,perv,1	
to,feel,played,1	
to,feel,pre,1	
to,feel,pretty,1	
to,feel,proper,2	
to,feel,proud,1	
to,feel,pure,3	
to,feel,rage,1	
to,feel,real,1	
to,feel,really,3	
to,feel,relevant,2	
to,feel,rich,1	
to,feel,right,4	
to,feel,rn,3	
to,feel,rofl,1	
to,feel,romantic,2	
to,feel,run,1	
to,feel,sad,1	
to,feel,safe,1	
to,feel,satans,1	
to,feel,secure,2	
to,feel,sensations,1	
to,feel,sexy,1	
to,feel,slightly,2	
to,feel,so,10	
to,feel,some,7	
to,feel,something,9	
to,feel,soooo,1	
to,feel,sorry,5	
to,feel,special,5	
to,feel,strong,1	
to,feel,stupid,2	
to,feel,superior,1	
to,feel,surprised,14	
to,feel,that,7	
to,feel,the,19	
to,feel,this,12	
to,feel,tired,1	
to,feel,tonight,1	
to,feel,unappreciated,1	
to,feel,uncomfortable,1	
to,feel,urself,1	
to,feel,very,1	
to,feel,wanted,4	
to,feel,warm,1	
to,feel,weak,1	
to,feel,weird,1	
to,feel,what,3	
to,feel,when,1	
to,feel,whole,1	
to,feel,withdrawal,1	
to,feel,you,1	
to,feel,younger,1	
to,feel,your,4	
today,feel,good,1	
toes,feel,good,1	
toes,feel,like,1	
tomorrow,feel,like,1	
tomorrow,feel,me,1	
tonight,feel,free,1	
tonight,feel,me,1	
tonight,feel,my,1	
too,feel,how,1	
too,feel,this,1	
totally,feel,like,1	
totally,feel,the,1	
totally,feel,you,3	
trencher11,feel,better,1	
truly,feel,again,1	
truly,feel,gods,1	
truly,feel,is,1	
truly,feel,something,1	
tryna,feel,the,1	
tub,feel,amazing,1	
twitter,feel,me,1	
twitter,feel,the,1	
u,feel,Bey,1	
u,feel,I,1	
u,feel,Indian,1	
u,feel,Jessica,1	
u,feel,about,5	
u,feel,alive,1	
u,feel,alright,3	
u,feel,angry,1	
u,feel,any,1	
u,feel,bad,4	
u,feel,better,14	
u,feel,bettwr,1	
u,feel,boobsie,1	
u,feel,bout,2	
u,feel,connected,1	
u,feel,fi,1	
u,feel,for,1	
u,feel,good,3	
u,feel,insecure,1	
u,feel,just,1	
u,feel,like,16	
u,feel,me,24	
u,feel,my,5	
u,feel,pain,2	
u,feel,real,1	
u,feel,really,1	
u,feel,right,1	
u,feel,sad,1	
u,feel,so,2	
u,feel,some,1	
u,feel,that,5	
u,feel,the,3	
u,feel,tho,1	
u,feel,towards,1	
u,feel,u,1	
u,feel,ur,2	
u,feel,us,1	
u,feel,when,3	
u2,feel,moist,1	
up,feel,bad,1	
upon,feel,all,1	
ups,feel,so,1	
us,feel,better,1	
us,feel,closer,1	
us,feel,fresh,1	
us,feel,like,4	
us,feel,so,2	
us,feel,the,1	
us,feel,worth,1	
usually,feel,a,1	
vets,feel,forgotten,1	
volunteers,feel,like,1	
von,feel,Good,1	
voters,feel,jilted,1	
wala,feel,ko,1	
wanna,feel,a,3	
wanna,feel,all,1	
wanna,feel,alright,1	
wanna,feel,beautiful,1	
wanna,feel,better,1	
wanna,feel,free,1	
wanna,feel,good,1	
wanna,feel,happiness,1	
wanna,feel,heat,1	
wanna,feel,his,1	
wanna,feel,important,2	
wanna,feel,it,1	
wanna,feel,joy,1	
wanna,feel,like,4	
wanna,feel,love,2	
wanna,feel,loved,3	
wanna,feel,my,4	
wanna,feel,so,1	
wanna,feel,something,1	
wanna,feel,that,1	
wanna,feel,the,3	
wanna,feel,this,4	
wanna,feel,us,1	
wanna,feel,weightless,1	
wanna,feel,you,4	
wanna,feel,your,14	
wayne,feel,off,1	
we,feel,AAP,1	
we,feel,Aam,1	
we,feel,about,3	
we,feel,afraid,1	
we,feel,after,1	
we,feel,aggrieved,1	
we,feel,alike,1	
we,feel,by,2	
we,feel,depends,2	
we,feel,dizzy,1	
we,feel,following,3	
we,feel,for,1	
we,feel,how,1	
we,feel,hungry,1	
we,feel,in,1	
we,feel,inside,1	
we,feel,it,1	
we,feel,lik,1	
we,feel,like,2	
we,feel,lucky,1	
we,feel,nothing,1	
we,feel,now,1	
we,feel,pain,1	
we,feel,right,1	
we,feel,safe,8	
we,feel,so,1	
we,feel,sorrow,1	
we,feel,that,1	
we,feel,the,2	
we,feel,this,1	
we,feel,to,5	
we,feel,when,2	
we,feel,without,1	
we,feel,ya,1	
we,feel,you,3	
weather,feel,how,1	
weather,feel,like,1	
week,feel,free,1	
went,feel,good,1	
when,feel,like,1	
whenu,feel,good,1	
who,feel,like,4	
who,feel,lonely,7	
who,feel,lucky,1	
who,feel,pressure,1	
who,feel,test,1	
who,feel,the,1	
who,feel,uncomfortable,1	
who,feel,upset,1	
why,feel,bad,1	
wife,feel,about,1	
will,feel,about,1	
will,feel,absolutely,1	
will,feel,and,1	
will,feel,better,7	
will,feel,even,2	
will,feel,every,1	
will,feel,for,1	
will,feel,good,1	
will,feel,in,1	
will,feel,left,1	
will,feel,like,6	
will,feel,me,1	
will,feel,more,2	
will,feel,on,1	
will,feel,peace,1	
will,feel,pissed,1	
will,feel,so,2	
will,feel,sorry,2	
will,feel,that,1	
will,feel,the,1	
will,feel,this,1	
will,feel,tomorrow,2	
will,feel,very,1	
will,feel,when,1	
will,feel,you,3	
willbaker55,feel,free,1	
woman,feel,like,2	
woman,feel,pretty,1	
women,feel,about,1	
women,feel,more,1	
women,feel,safe,1	
wont,feel,bad,1	
wont,feel,nothing,1	
wont,feel,out,1	
work,feel,SORRY,1	
work,feel,every,1	
would,feel,about,2	
would,feel,alot,1	
would,feel,bad,4	
would,feel,different,1	
would,feel,even,1	
would,feel,good,1	
would,feel,guilty,1	
would,feel,horrid,1	
would,feel,if,4	
would,feel,indulgent,1	
would,feel,it,3	
would,feel,like,8	
would,feel,much,1	
would,feel,really,1	
would,feel,so,3	
would,feel,sorry,1	
would,feel,the,2	
would,feel,this,1	
would,feel,to,2	
would,feel,too,1	
would,feel,very,1	
would,feel,weird,1	
wriststo,feel,alivei,1	
wunt,feel,d,1	
x,feel,like,1	
xd,feel,aq,1	
xde,feel,r,1	
xmas,feel,free,1	
xoerikaaxo,feel,special,1	
ya,feel,alright,1	
ya,feel,and,1	
ya,feel,better,1	
ya,feel,me,18	
ya,feel,meh,1	
ya,feel,my,1	
ya,feel,sick,1	
ya,feel,so,2	
ya,feel,that,1	
ya,feel,the,1	
yahh,feel,me,1	
yall,feel,like,1	
yea,feel,you,1	
yeah,feel,fab,1	
year,feel,sick,1	
year,feel,so,1	
year,feel,xtremely,1	
years,feel,so,1	
yesterday,feel,like,1	
yet,feel,as,1	
yet,feel,no,1	
yet,feel,secure,1	
yew,feel,eet,1	
ynnamoyy,feel,u,1	
yooooooooo,feel,you,1	
you,feel,2day,1	
you,feel,Bruh,1	
you,feel,D,1	
you,feel,God,1	
you,feel,Jade,1	
you,feel,Justin,1	
you,feel,Qur,1	
you,feel,TGS,1	
you,feel,Unpretty,1	
you,feel,a,20	
you,feel,ab,1	
you,feel,about,44	
you,feel,abt,2	
you,feel,accomplished,2	
you,feel,afraid,2	
you,feel,after,4	
you,feel,alight,1	
you,feel,alive,3	
you,feel,all,13	
you,feel,alone,6	
you,feel,alright,14	
you,feel,alriiiiigghhhttt,1	
you,feel,amazing,1	
you,feel,and,19	
you,feel,any,6	
you,feel,anything,3	
you,feel,are,1	
you,feel,as,2	
you,feel,attached,2	
you,feel,avoided,2	
you,feel,awful,1	
you,feel,awkward,3	
you,feel,babe,1	
you,feel,bad,19	
you,feel,beautiful,2	
you,feel,because,5	
you,feel,before,2	
you,feel,betrayed,1	
you,feel,better,145	
you,feel,blessed,1	
you,feel,brand,1	
you,feel,bud,1	
you,feel,but,1	
you,feel,by,6	
you,feel,cause,1	
you,feel,chy,1	
you,feel,cold,2	
you,feel,comfortable,3	
you,feel,compelled,1	
you,feel,complete,1	
you,feel,defeated,1	
you,feel,depressed,1	
you,feel,desire,1	
you,feel,dizzy,1	
you,feel,drawn,1	
you,feel,drunk,1	
you,feel,dumb,2	
you,feel,empty,2	
you,feel,entitled,1	
you,feel,envious,1	
you,feel,exactly,1	
you,feel,extra,2	
you,feel,famous,1	
you,feel,fancy,2	
you,feel,fat,1	
you,feel,festive,1	
you,feel,for,1	
you,feel,free,2	
you,feel,frustration,1	
you,feel,gay,1	
you,feel,goes,1	
you,feel,good,24	
you,feel,great,4	
you,feel,guilty,4	
you,feel,gurl,1	
you,feel,hahaha,1	
you,feel,happy,28	
you,feel,heeyyyyyyy,1	
you,feel,helpless,1	
you,feel,her,2	
you,feel,high,2	
you,feel,his,3	
you,feel,hopeless,1	
you,feel,http,3	
you,feel,hurts,1	
you,feel,hype,1	
you,feel,if,10	
you,feel,important,1	
you,feel,in,16	
you,feel,inadequate,1	
you,feel,inferior,6	
you,feel,inside,10	
you,feel,invincible,1	
you,feel,is,9	
you,feel,isn,5	
you,feel,it,16	
you,feel,just,1	
you,feel,knowing,1	
you,feel,lazyyyy,1	
you,feel,left,1	
you,feel,less,1	
you,feel,let,1	
you,feel,like,194	
you,feel,lol,2	
you,feel,lonely,2	
you,feel,lost,1	
you,feel,loved,1	
you,feel,lucky,1	
you,feel,may,1	
you,feel,me,38	
you,feel,miserable,1	
you,feel,more,4	
you,feel,most,1	
you,feel,much,2	
you,feel,my,28	
you,feel,negative,1	
you,feel,nice,11	
you,feel,no,8	
you,feel,nothing,1	
you,feel,now,3	
you,feel,obligated,2	
you,feel,of,1	
you,feel,old,2	
you,feel,omfg,1	
you,feel,on,3	
you,feel,one,1	
you,feel,or,1	
you,feel,out,13	
you,feel,pain,2	
you,feel,physically,4	
you,feel,played,1	
you,feel,pretty,1	
you,feel,privileged,1	
you,feel,proud,1	
you,feel,really,1	
you,feel,rested,1	
you,feel,rich,1	
you,feel,right,1	
you,feel,sad,11	
you,feel,safe,2	
you,feel,scared,1	
you,feel,scaredBe,1	
you,feel,semi,14	
you,feel,shit,1	
you,feel,shitty,3	
you,feel,single,1	
you,feel,smh,1	
you,feel,so,30	
you,feel,some,29	
you,feel,somethi,2	
you,feel,something,5	
you,feel,sometimes,1	
you,feel,sorry,2	
you,feel,special,11	
you,feel,stupid,3	
you,feel,sum,1	
you,feel,teeth,1	
you,feel,that,26	
you,feel,the,54	
you,feel,their,1	
you,feel,there,2	
you,feel,they,1	
you,feel,things,1	
you,feel,this,8	
you,feel,tiny,2	
you,feel,tired,3	
you,feel,to,2	
you,feel,today,6	
you,feel,tomorrow,5	
you,feel,totally,1	
you,feel,ugly,1	
you,feel,unbarable,1	
you,feel,unclean,1	
you,feel,uncomfortable,2	
you,feel,unfit,1	
you,feel,unhappy,1	
you,feel,unsafe,1	
you,feel,unwanted,1	
you,feel,very,1	
you,feel,wanted,10	
you,feel,weak,2	
you,feel,welcomed,1	
you,feel,what,2	
you,feel,when,40	
you,feel,will,1	
you,feel,without,2	
you,feel,worse,1	
you,feel,worth,1	
you,feel,worthless,2	
you,feel,x,1	
you,feel,you,35	
you,feel,your,1	
you,feel,yourself,2	
youbdont,feel,like,1	
your,feel,alright,1	
your,feel,no,1	
your,feel,things,1	
your,feel,unitedOoooh,1	
your,feel,up,1	
yourself,feel,bad,1	
yourself,feel,better,6	
yourself,feel,extra,1	
yourself,feel,good,1	
yourself,feel,like,1	
youu,feel,sad,1	
yoy,feel,some,1	
yoy,feel,way,1	
yu,feel,bout,1	
yu,feel,like,1	
yu,feel,me,1	
yu,feel,the,1	
yuh,feel,horny,1	
yuh,feel,me,1	
yung,feel,this,1	
yuu,feel,sonn,1	
zelo,feel,bored,1	
